base_x,base_y,base_z,quat_x,quat_y,quat_z,quat_w,q_0,q_1,q_2,q_3,q_4,q_5,q_6,q_7,q_8,q_9,q_10,q_11,q_12,q_13,q_14,q_15,q_16,q_17,q_18,q_19,q_20,q_21,q_22,q_23,q_24,q_25,q_26,q_27,q_28
-0.4146414642056776,0.40245237384563004,0.6474680719387254,-0.014625681490435211,-0.03327227903028999,0.9993346437878293,-0.0030519853413614947,-0.046116409384956564,0.021598787666803086,-0.052647671097249694,0.8857115312839187,-0.29429370870857263,-0.14853853437698228,-0.7607255035838648,0.06208531174730242,-0.1274884729630421,1.1777029049260508,-0.535629942211852,-0.03346713094111716,-0.1543712828017129,0.05485613886004337,0.4026733460324292,-0.04356368639763284,0.30098456600404444,-0.09400069663306565,1.0536521218708055,-0.04876319468701006,0.005930628785650753,0.04240030039226944,0.08173978597109544,-0.2862651976932289,0.10007842464248866,1.019048358418483,0.1728813389464226,-0.018813521344863235,0.015239427270562371
-0.42945249211773406,0.40598013933258165,0.6558846202306616,-0.014226251045727783,-0.03544815421149591,0.9992690382512788,0.001559274365484569,-0.1107987111501958,0.05331948391233528,-0.01663916794781222,1.0435948846114544,-0.2567903624566201,-0.136547232390026,-0.704919313190735,0.06118273360813306,-0.15847501630967262,1.1152258633757322,-0.5713021346599979,-0.04322415289066096,-0.14049870162966033,0.061546258466042496,0.4075244779619996,-0.02736070533152244,0.2936026390240077,-0.09563578639135992,1.039889003172281,-0.0658884135922269,0.005506962610034915,0.04439757121880563,0.0808827213946405,-0.2931248887007142,0.09549251215103667,0.9797032493720071,0.1903664175968055,-0.018986198869073455,-0.003446638440303019
-0.4431704861691068,0.4099401877467359,0.6641854441585944,-0.010699584596662676,-0.03546817493550934,0.9993135225122588,0.00010573714882715617,-0.185395872950856,0.1044191320004272,0.026250600760468146,1.2516652008576208,-0.28357596169496196,-0.08295855885998467,-0.6494061617098033,0.06966963702115717,-0.1606333559798731,1.072491822949556,-0.5770814514267608,-0.04694192898918791,-0.13159269954563127,0.06299017775629112,0.41275225215979444,-0.010431577919253726,0.2927424126518895,-0.10976610548707615,1.0265449618238287,-0.07348874594796051,0.006979459270433965,0.038867571688950775,0.07797428468870528,-0.3033895287794407,0.09373820426652808,0.9543811804430898,0.20140883487596697,-0.021734632481239843,-0.009077526945560537
-0.45612151314580107,0.4139776843727355,0.6723184995734235,-0.00880721761257678,-0.03519162003167305,0.9993299423262634,0.0048630409888079104,-0.26964133428886206,0.13491770567349687,0.04088308874411532,1.4643352226232327,-0.36016188302914093,-0.01923942512242035,-0.5991691875458313,0.087049602387808,-0.1531030218480267,1.0241593233785746,-0.5748314482138703,-0.0442955959075282,-0.10568710463199986,0.06341031544420075,0.41507709389831643,-0.005566857499391779,0.2973260449251664,-0.12123704953635646,1.017146957940413,-0.06347523918987445,0.009649053403469712,0.03915389326773767,0.06617633220536805,-0.31420969256141784,0.09201794957858775,0.9320014764643733,0.20819572697308864,-0.021675384605228915,-0.018701839818831258
-0.4680423592781667,0.4180658143329671,0.6805569755213501,-0.011358590650911346,-0.03406646368214623,0.9992798031192618,0.012261058214865995,-0.3760213321537588,0.15469541675797965,0.044547997708995674,1.654114566298137,-0.4288233987963907,0.02263568048875547,-0.5629169966358724,0.12045805842771634,-0.11496275986774965,0.9808567465077165,-0.5479147093394982,-0.03499320980065095,-0.07348547539850432,0.06241432305023248,0.4165210131694186,-0.0134536441317087,0.3042085011534103,-0.12184895017981096,1.0149215681149828,-0.055743925952286395,0.012111655714423353,0.0437059025064911,0.037351484828683265,-0.3266165429062088,0.08433952686493801,0.9169032746261498,0.21149287145737228,-0.018161815123251296,-0.02571259476697532
-0.4789872768079947,0.42186668954269546,0.687770070323855,-0.018999275147069145,-0.02860514310336417,0.9992360461738753,0.0186573674114042,-0.5073057243862045,0.15922260159004917,0.048041792681679435,1.8036773723595365,-0.48705004369527005,0.05908054235996206,-0.5389426564736436,0.12775812453993132,-0.09392379708983213,0.9344129692311497,-0.5358308208403141,-0.028276340709330335,-0.04200118842896134,0.052622517269764586,0.40265090790624986,-0.01922286767084975,0.30866091767458814,-0.11569581508271283,1.0209796457645546,-0.062088452332072545,0.01700678086838334,0.0436676168305469,0.007896906555506435,-0.3374425670164296,0.08040705866218573,0.9157291848414559,0.22006854456372643,-0.01706358070169609,-0.023596433948070136
-0.48965985738571793,0.4249743419187144,0.6934297466707751,-0.028962515050505504,-0.019910478309153663,0.9991482114304088,0.021623995256798444,-0.654838390582236,0.15397083373475667,0.05451314087985306,1.8985902485472543,-0.5213952192029427,0.07789941054194012,-0.5225473153724093,0.1170248162587477,-0.08184393311187174,0.8958306469640496,-0.5321306920750242,-0.014392875547833977,-0.02141294323373304,0.037849247175708964,0.36919576599744025,-0.0075138639373890925,0.2934550932002192,-0.07264016733784887,1.0356233422637136,-0.021670075890476603,0.011106283519269402,0.034706567681671525,0.004789695795469451,-0.3349263948629459,0.06663350829642689,0.8934438327779007,0.20372439957789973,-0.012707989804616635,-0.038483657540382715
-0.5011666904483197,0.42777224868291086,0.6985508954779776,-0.030931814299092957,-0.010390606418443301,0.9992443462759424,0.021118584185234598,-0.7832627941138052,0.14625889837360231,0.06787037985118334,1.9360547704992888,-0.5347023354615323,0.09490137562122204,-0.4913948526550401,0.09899590682058476,-0.07443269660208761,0.8674829077805821,-0.5383661247987999,0.002760051358568332,-0.006067822442518921,0.015712808905719574,0.36681712655814597,-0.008730505974178633,0.2984366700834505,-0.06820588833086118,1.0490255807428126,-0.0228460725921154,0.006907518140873944,0.039468562639764254,-0.01713275075448116,-0.3390646101078583,0.07210333440846567,0.889470568506737,0.20986423441599159,-0.010220200851943417,-0.03853568375933927
-0.5137004891750819,0.429558962619807,0.7022148334709803,-0.028996801507805748,-0.0010196940532668144,0.99927199353656,0.024771529218540693,-0.8854797415566511,0.13714233999688474,0.08751940854579922,1.9186836963290579,-0.5658120595908402,0.10504584744351828,-0.4554668955037762,0.08263867881760562,-0.06167983971245638,0.8507565895473378,-0.5452992042669771,0.020428077604798298,0.01679568666881128,-0.006147943112312072,0.36151815791122666,0.0023563866436530426,0.3026672172315331,-0.06821572239069085,1.0618091503846407,-0.014552185432594702,0.009274656163880932,0.04229863299893182,-0.02689851838188783,-0.3415771509484708,0.0764496147519983,0.8832433779634028,0.20369359860782887,-0.009545844443055111,-0.03339940355098614
-0.5269086172535093,0.43091523687361866,0.7056010974798876,-0.022329237213109962,0.0076951969972376705,0.999327312194616,0.02805552014381578,-0.9589713819901948,0.12979618910263913,0.11034338583506713,1.8526064853502695,-0.5681435758263056,0.1108894465697659,-0.40583058261644417,0.06686373831971627,-0.048396540159062036,0.8296101478931686,-0.5585543062073024,0.03324825123214619,0.03532968663229638,-0.02703595915206794,0.3700515711511922,0.006431683447339125,0.3073516551875943,-0.07194805526672479,1.079446357249595,-0.014787633560431973,0.009418821051340499,0.04095749144980686,-0.0438219461147107,-0.3469747289787771,0.09310700712926327,0.8818754703799367,0.19280324740109395,-0.006432257591145016,-0.023405869390913898
-0.5397670046895728,0.43195919845559716,0.7075665241441069,-0.014412795219812879,0.01429558321879542,0.999282675266269,0.03196940016758788,-1.0092864412482767,0.12852064555604803,0.13173022979949017,1.7527755937414509,-0.559639355908792,0.11014023350647278,-0.36148285924004386,0.05352319993461888,-0.039298099567334856,0.8196098641330144,-0.5799590692796397,0.047203651207296526,0.05382932347859815,-0.04225720037180682,0.38364819088158225,0.013321151100297319,0.30994377105467574,-0.06901184689038692,1.0940933322456456,-0.0019617593417591535,0.006115399072677478,0.04297147767920771,-0.056474384926210645,-0.3494483412214599,0.10147440202294122,0.8773119856156525,0.1776975956199465,-0.008085312632673834,-0.008818528935302812
-0.5529413120409785,0.4321691811907944,0.7088890142589348,-0.00257973108907687,0.018838518644540975,0.9990711157322252,0.038669896720256884,-1.0316361190127246,0.09922647467797877,0.12801745910548565,1.6316122853241677,-0.5440587894077441,0.08298698067271308,-0.3095150296710203,0.04694229122840532,-0.0242063436979321,0.8127006047209432,-0.5942622193856233,0.055485093726544865,0.07501764709197385,-0.051102730774860605,0.39993719054913096,0.027395258009533588,0.3092440113167165,-0.06739810481578978,1.104923315524609,0.005559938581914553,0.007420629636464505,0.04093253589261788,-0.060515946487693484,-0.3485251125389127,0.10722463091415917,0.8713315141547845,0.16963468377222063,-0.007584785164467096,-0.0014397857348943716
-0.566506194683821,0.43239351160448647,0.7093734670163281,0.011011044843985967,0.022321350056531842,0.9987243561051354,0.043933754056323146,-1.0317191314983074,0.06016998109463827,0.10741633373547424,1.5121959373740872,-0.49194403116459906,0.050624777636037274,-0.2526054497433167,0.04059552200841021,-0.012168298574072346,0.8062750115224874,-0.6123466711737799,0.05521781488769145,0.09113353504228328,-0.05492826982678448,0.41850180095164635,0.042571982379186635,0.3055399167977445,-0.06742514957936613,1.1133982994674843,-0.0006185186501092214,0.011200309537095618,0.042491292564585524,-0.06216783829209912,-0.34895973923013424,0.11533099560260937,0.8611788021960608,0.16425352707011937,-0.005831768568177041,0.004626532103109936
-0.5805334676381072,0.432758634880722,0.7095749291744877,0.0207413720977879,0.02442525318106749,0.99826892899776,0.0493188390800978,-1.0181659215372303,0.043047183428866743,0.09406264994210495,1.4036349961868466,-0.4695250154992211,0.034591394600959294,-0.20180687224344934,0.03837672884017382,0.001492875359571752,0.7963222698328934,-0.6278590888580564,0.05880049342714464,0.10769467728148066,-0.05897403997834,0.437941861527447,0.0487180666019746,0.3049639041312147,-0.06141699828177536,1.1208089986311012,0.0021572558558012973,0.010593191901750957,0.04287887320076462,-0.07154224401190223,-0.3454573259842238,0.11897433257140397,0.854335250648279,0.16300354812123366,-0.0020984916362044677,0.0003929741642626399
-0.5947348000318207,0.4329669279018652,0.7086506606965037,0.02800275653262363,0.026403937550596897,0.9977256871442012,0.05533652429482563,-1.0010927809210883,0.03128858811318787,0.07960961573019795,1.3253088463348468,-0.4303966346924499,0.024835426954906238,-0.1614393578749303,0.03654965930057244,0.01620608416063423,0.7952450293707578,-0.6493092893205707,0.05582386541541155,0.12267618611858917,-0.061264521881311595,0.4490010032094963,0.057284334588187304,0.301424625575247,-0.057502609087162086,1.1306250865500345,0.006784558510577996,0.008622200604608362,0.049105130596671966,-0.07847913686465602,-0.3436098397658752,0.12391728777058846,0.8501917224638645,0.15603982590145143,-0.004788641171096915,-0.007928190486576333
-0.6094094125074292,0.4329012295439963,0.7074217394701257,0.03490234348696919,0.030413257016762903,0.9970893663213232,0.06057768389179058,-0.9721963440062462,0.009480879494097759,0.05969986256619897,1.2638381950266486,-0.3793050949050499,0.006249261140609318,-0.12323907869182277,0.029943300197469408,0.03397209640799174,0.802484035125497,-0.6694981762154294,0.05310332434371836,0.13524624836602897,-0.06847431478844918,0.4581533839838316,0.06681633342691673,0.2998845444089576,-0.05995674417834282,1.138773625322873,0.00452744092238987,0.014298750708538015,0.038696867776002106,-0.08474944712752328,-0.3425151165320584,0.12958654112912185,0.8491954141222353,0.14904026543841015,-0.0019175801019446189,-0.01873511916618026
-0.6244883595381423,0.43251358885135616,0.7058891876588045,0.03879484046065504,0.031567483127284246,0.9967076707272446,0.06381436731734308,-0.9445058745042747,-0.01073063456334234,0.038308374318955445,1.233645952163384,-0.31308425470420476,-0.012017811929983125,-0.08880757837967825,0.025910068560707784,0.041860605822713254,0.8012014758013186,-0.6871588780556309,0.04864394037003465,0.13964471369167153,-0.07172517020308143,0.4649114384695826,0.07687209829643007,0.2934891648921888,-0.05374093178428654,1.1428063199559109,0.012308807346738244,0.014166971440548506,0.039560025430027713,-0.09082490699533144,-0.3421917375359396,0.12845202174766449,0.8375806839304253,0.13509841503128459,-0.012247546468697613,-0.011215051966723575
-0.6402174556216204,0.43195099333960235,0.7037097115404489,0.03584327587735281,0.03142744317696358,0.9965627904798213,0.06775086730671206,-0.9245080825116366,0.004281181030197905,0.05196000712693929,1.2456917880085248,-0.36423130641414403,0.005609586978018569,-0.07080961582760086,0.02451348362414553,0.04775212173921999,0.802021929829692,-0.7055362548294115,0.04989247517888032,0.14316146302786786,-0.07783089063764556,0.4538039236862499,0.08647669121290696,0.29492776521749164,-0.06251040457429037,1.154090529923177,0.014002114675326811,0.013231714120915923,0.037625983546898785,-0.0952683787396424,-0.33884520246605176,0.13642764795091253,0.8311747656233339,0.13525509338504865,-0.011850476211885322,-0.017269561919717694
-0.6553098682215367,0.43027035284783105,0.7013527100230286,0.031171665374581728,0.029135285366373043,0.9968256625962651,0.06721652188200043,-0.9138707258314019,0.01314231986864806,0.06310215323691705,1.2684099980922674,-0.44141639127742427,0.02480061490715165,-0.06523250952478998,0.02096973851088514,0.03845578875806226,0.8190011432126026,-0.7160719262782631,0.058280891211636494,0.13748096644623295,-0.07875336374797112,0.43871932158418625,0.09930814302360155,0.2932151390064657,-0.06812107752761731,1.1617934583293843,0.028714469418086724,0.012326773696151467,0.03617264060145739,-0.08964380511503256,-0.3333352098190053,0.13954752873029874,0.8207820391594659,0.13586630132410266,-0.016410142882373076,-0.024460334400287703
-0.6707712003754638,0.42750773986397506,0.7027207448514763,0.027403724720055346,0.02902061689962405,0.9970825021699449,0.06506399567161307,-0.907222884519177,-0.002823339274110378,0.06371448968050761,1.2887016827476399,-0.47792127633353226,0.047983824727158994,-0.03810810621976881,0.012823111557274985,0.03873157867905824,0.7970370248549351,-0.7015982256707531,0.07043935831680714,0.1331657137758992,-0.0834473218370086,0.4407883410703036,0.07751209163454123,0.2981395517236487,-0.07651136275919111,1.177902949590437,0.03137506235892151,0.01671297407156905,0.033594431212520606,-0.09889374015726152,-0.3330726756572649,0.13730151267815696,0.8141869891356687,0.14878769450131366,-0.004842099281597252,-0.00257441329184221
-0.6851888583830309,0.42450302595178324,0.7050289409108335,0.021187808673276735,0.031832076707174986,0.9975134478458189,0.05920065052751684,-0.9067537707810468,-0.02636112804230551,0.06755364218934747,1.3003702681610436,-0.4921943769694375,0.05914960200062277,-0.028706864817433835,-0.0032619873576404937,0.0372952699075324,0.795731327166731,-0.6723102085797694,0.08670168500152849,0.12999936996388584,-0.09278426264774832,0.4387535420632249,0.05366561711586654,0.3027893084074486,-0.08610161206253558,1.1889140070814574,0.03410387939416722,0.016166770634134894,0.031354533331608744,-0.09945351812174823,-0.3297140151498204,0.13156911607487257,0.8135032750066638,0.15542737961206285,-0.007445453392461297,-0.0019201310329163323
-0.7007092551142637,0.42122774927917916,0.7101541304721535,0.014991845714337607,0.035248724017686965,0.9976578256954386,0.056671287667155366,-0.8847129991695768,-0.04792524698389315,0.07329715947605886,1.2855359620077709,-0.5289512071993937,0.08351763837280629,-0.01740490017233876,-0.01822145197414017,0.04582007856344171,0.7842158370790133,-0.6156411859308295,0.11975968154694269,0.1357912721972601,-0.10370720083686875,0.43911288075244287,0.02626963076482474,0.30738490183503553,-0.09240238549552846,1.1848670173831135,0.03182943705809383,0.010675360017574293,0.050735998971718196,-0.10275023716045786,-0.32371861157381754,0.13315029711739335,0.8195134015185239,0.16005912342716097,-0.011208579684578869,-0.016470579990205014
-0.7162021109379321,0.4176788325299208,0.7177811279806592,0.005719610865321201,0.036258390990910536,0.9976841802925316,0.05726160605781226,-0.8642620941645113,-0.05867942143254168,0.08013133328040044,1.2628286527077883,-0.5509858264299989,0.10675844836419048,-0.015285192218746978,-0.025804807728931886,0.06130668312291472,0.7712860515826764,-0.5331812661813699,0.1622140788771846,0.14649999473135633,-0.10835647565335114,0.43058959618958376,0.003917568367377701,0.31223395370098106,-0.0926716947624241,1.1657726419774346,0.028306556690173304,0.008437922048081598,0.053817402305230515,-0.10167194819694556,-0.3223057196813567,0.13309749271507387,0.8295081838338726,0.15820882740513695,-0.007546986777842701,-0.017464625165496222
-0.7314513765513835,0.41360663877030707,0.7287147155930382,-0.004042354058837051,0.03525667550314282,0.998088262995725,0.05060084462049514,-0.8376424739349243,-0.07685124814392985,0.0778678947269345,1.2191645564674403,-0.5528775461443642,0.11589551845949392,-0.011736467675277747,-0.02923219472829306,0.07051501461957509,0.7459301840742396,-0.4221374988118129,0.20094319660421814,0.14322956656675245,-0.10817525402172119,0.41964990287003,-0.017466119122052808,0.31462765296500805,-0.09422893810004906,1.1387359056840898,0.021611060532638882,0.004321905195933761,0.050904634888348926,-0.09512467398626806,-0.32404948647131254,0.13238178577849138,0.8392967801367351,0.15777774833794364,-0.0029680422355162833,-0.002348903975629935
-0.7465027414485516,0.4096996446140675,0.7402600726067787,-0.01577023021156486,0.03301810977102239,0.9983597074674028,0.044034063766892964,-0.81106768043252,-0.09351214393942082,0.07046297450699926,1.1672905751896865,-0.5518515279796575,0.12760379365763988,-0.024822587258776722,-0.026595888187990545,0.0814677839180446,0.738310810572155,-0.2955729830342928,0.2533868281394975,0.13732819219651926,-0.10490798906066888,0.3996087039854655,-0.031204353042044705,0.31155593938415815,-0.08888624187970018,1.1103048396129278,0.009424166109448873,-0.0016020561683615093,0.05479731568594624,-0.07798465374920507,-0.32078104819686654,0.12190601354657898,0.8441045780172385,0.16339323056805172,-0.00401529414185392,-0.0009355566839423998
-0.7591891496903992,0.4119854208793582,0.7517745177284272,-0.027484864541957064,0.029380946813801358,0.9983004195104079,0.04216176693142369,-0.7816526328188602,-0.08947354622871813,0.05875045140377891,1.108834237650292,-0.5464072854621074,0.12087813882435007,-0.06329681134836249,-0.0008521165583102452,0.08073596241732008,0.76919708505879,-0.19169725852169278,0.2617999998685442,0.13822921503876315,-0.10217106496025481,0.382978576301086,-0.05172822913529319,0.31452757658400404,-0.09019189482523053,1.091837393634103,0.002694871970872779,-0.010189098341879517,0.05766596000002229,-0.06501798730187923,-0.31285424963743025,0.10597750335597887,0.8505397589683468,0.17400512574414426,-0.009800304494954814,0.0029861077408062896
-0.7709380991219439,0.4126929656651999,0.7620354817836299,-0.03825906614615273,0.028355129329939315,0.9979253884957754,0.04332608329706341,-0.751242052336797,-0.08581596129258788,0.05719921781763878,1.0474566676939479,-0.5382843697014343,0.11625024495966826,-0.1285644671354972,0.009660198410234126,0.07708693873431617,0.8530085449242973,-0.13082090734929666,0.2618,0.13387247617250986,-0.10116663072965916,0.36423139278406125,-0.05928563866765102,0.3161112397719181,-0.09087373787102457,1.0645550749255133,-0.00434178044366899,-0.00817574618625733,0.04961263846436287,-0.04773069964327714,-0.30623947658752015,0.08962994303422941,0.8462663855825647,0.17863881896519399,-0.00957530523866861,0.027054711293511068
-0.7812793525866255,0.4086085329056986,0.7705065135879228,-0.04207417642362844,0.03271103325225885,0.9975379531701344,0.045582715660473644,-0.7096775461102488,-0.0971963130177837,0.06910894806681171,0.9854533199095794,-0.5307671311882963,0.11890359081442457,-0.2024579451177895,-0.022133137993598652,0.06400216191831198,0.9963710636662171,-0.11638012273515512,0.2618,0.11928428911814046,-0.10748729063467279,0.3600338385860771,-0.06311841526520245,0.3202935011775558,-0.09721120949115244,1.043006977095611,-0.01685008833670747,-0.006023083803674301,0.0470702703431361,-0.03636421607857303,-0.3030075729491862,0.08979251582932814,0.8398922987611172,0.1880089747047178,-0.010729149884447372,0.018551433620778712
-0.7920041120017361,0.39922966021343037,0.7763771221901488,-0.04116503014136168,0.03643949032105254,0.9975141272934106,0.044081398442762224,-0.6738139024297498,-0.12118418608648208,0.07927167036261334,0.9479158616144957,-0.5307223091875513,0.13266339179274617,-0.27090641914206104,-0.066629586243102,0.07318153891817057,1.1712150258761667,-0.17353512904658208,0.2618,0.08812328033464022,-0.11060856286879654,0.3561431381915883,-0.04753300217486144,0.32060920586838837,-0.10209658090483743,1.0168259801185062,-0.023329039381500903,-0.00796221968986272,0.05011405580192386,-0.01907494388315878,-0.30373216748747367,0.09635727055121746,0.8268097784021285,0.1773251091017009,-0.015948329489897644,0.009932935653087335
-0.8020711485890193,0.3955175632136418,0.7841622760751665,-0.04193676189251587,0.04897914343017945,0.9972690819198805,0.036010134094395456,-0.6137903342624023,-0.16479861731972265,0.08523506966218095,0.8491613033750185,-0.5040959809050081,0.13327238026032698,-0.34414763156973954,-0.09824882749827751,0.09104570607983319,1.3337948689626657,-0.28040297759812294,0.23677731276475378,0.04664498740147374,-0.13085351371714488,0.3573363577798028,-0.058217896827839434,0.32762699945343166,-0.10010016274563377,1.0010815341099084,-0.021276104853846067,0.0034045229849887547,0.039464151818325986,-0.01830313506369713,-0.31015706933368725,0.09102433746954136,0.8135922112918026,0.16924703549950426,-0.01767399412727981,0.014500956965458306
-0.8113749981902101,0.3936455296695845,0.7905933054829251,-0.04126496025572001,0.0482976189453334,0.9975480295063869,0.029367871683715057,-0.566403068581571,-0.1791018935811957,0.07091738319510982,0.7883194641764683,-0.48956282290592074,0.12939471086828214,-0.41230155323616113,-0.10196368553201902,0.08255738537678617,1.448513540739527,-0.36679901676105753,0.18055438733358353,0.008140789364986972,-0.12839775900084785,0.3583028900190166,-0.06888254864719479,0.33829009099373664,-0.1014389612235899,0.9987222434512922,-0.03130858658278111,0.009186854972515968,0.03790664516785846,-0.021026473197316875,-0.31499522819388626,0.09076830640691658,0.8122996095049637,0.16725795879999164,-0.01795661427440574,0.012599975718365068
-0.8208045246880948,0.39208173201454777,0.7960583865109743,-0.03665578502691745,0.04033811681606505,0.9981083533654407,0.02844124993603697,-0.5203168649141818,-0.17100282233583605,0.05567653257312004,0.755638396777138,-0.4930045168244964,0.1233512241621013,-0.46621516811135133,-0.1063794307176654,0.05666717727923813,1.4980628858710026,-0.44776663469726163,0.11838441547998796,-0.013541438275380329,-0.11156113664907437,0.3665860068663217,-0.07831098972179423,0.34950851849407166,-0.11999782189060389,0.9975224541076358,-0.07194328074844987,0.012319123145999165,0.06356127033531409,-0.021428359449970166,-0.32420093700005637,0.09892194387762718,0.8248732525795881,0.19608400143245194,-0.024677172277088568,0.020010558618139017
-0.8296498903244401,0.3906772366765731,0.8011949599411008,-0.034375183520498065,0.03346032499459965,0.9982958105270775,0.03322992767482499,-0.477540103819913,-0.1565646403289315,0.05164019300771283,0.7170926111757903,-0.49186989306623047,0.11176935329123963,-0.5205765514310905,-0.10492877477361401,0.04174106013388823,1.4849667548692267,-0.5055226279748638,0.07577663234261153,-0.02538623922977132,-0.09548364516640842,0.3695594314849933,-0.08289373615238578,0.3479198157372051,-0.11276768091458603,1.0032005534624686,-0.08011132948569757,0.01358375381887121,0.06821942317819901,-0.025617913608316382,-0.32648344632815895,0.0998897535605255,0.8445799329559023,0.20123572235806933,-0.027455314674891713,0.012352601736081003
-0.8387671427814015,0.38979638417796664,0.8053790350600296,-0.030687130477241913,0.02692874826199062,0.9985008929048966,0.0364569528106736,-0.43797211959208654,-0.14424413340264142,0.0458267358932924,0.6910592903580262,-0.493195190426421,0.10038347144164488,-0.5505802795768614,-0.0968255053619704,0.026057000008697446,1.4083711439095055,-0.5502976976047218,0.055580131070416275,-0.03388760563851256,-0.07964178844168268,0.3739647659814624,-0.08525075860780462,0.3446197122646699,-0.10526578952565928,1.009751888260783,-0.07643614295053416,0.01205017339488755,0.062229445588224075,-0.024111735132116556,-0.33050535067977227,0.09698020876018837,0.8597503249511017,0.1864518972652421,-0.025232974091247404,0.01167410838469087
-0.848130487712667,0.38965654602828076,0.8090033444731108,-0.024822712135248823,0.020621075189379376,0.9988204053579407,0.03628225545475332,-0.39549771606238343,-0.13467745026308536,0.035474834492115005,0.668481887285774,-0.49809055825317744,0.0881543693752018,-0.5550223457846366,-0.07023721226726336,0.022492029888932927,1.28214592811925,-0.5822147699317237,0.049680228097958,-0.044742947309753235,-0.06451683326545207,0.3792441477351367,-0.08250069107329001,0.34137965696653505,-0.10704740580479863,1.0163067687074019,-0.06826052832483809,0.010901215875452843,0.05921574200378694,-0.016265954442951328,-0.3307414394490971,0.09849962720698723,0.8819950678426423,0.18480631966571873,-0.02279314371294736,-7.31985367824848e-05
-0.8578744305325667,0.3898839441654134,0.8123534995438322,-0.015508049587144362,0.01231954755449631,0.9992551936609266,0.033117776008060686,-0.3484692532813641,-0.12252834067883794,0.019989458904503127,0.6535825766671258,-0.5066112578413157,0.08006398249634614,-0.5257545765346844,-0.016458330023854384,0.04348599083463218,1.1249592641563921,-0.5944213232130067,0.0610518833289867,-0.05578146653637024,-0.047237949519945754,0.38922766292008315,-0.07840677064290671,0.33673791252941543,-0.11234754395267423,1.0254216350138727,-0.05878923654310913,0.0061405112047236855,0.05905723044182436,-0.011065341796456837,-0.3294108807515549,0.10295163711849749,0.9084392849735251,0.1883864256129595,-0.028783114864111815,-0.021397284750997964
-0.8677638478512273,0.3900238529872747,0.814367343178928,-0.005302739181855292,0.004935643686207969,0.9995914699458973,0.027648030489943177,-0.30740090927281666,-0.11382238891682385,0.0032450392663961186,0.6532825617603092,-0.5239738839051321,0.07745024720824271,-0.4746524684445539,0.03746335309855737,0.08002702393526945,0.9782576607805122,-0.584445084079201,0.08206431877228286,-0.06561078229072322,-0.03270314370366871,0.4000044115987551,-0.07734809046762552,0.336432404567271,-0.12338660100392342,1.037805615766324,-0.049636318817395365,0.0034108227041552636,0.0523083713832818,-0.002389857445645953,-0.32635309731759243,0.0992233020650567,0.9266016203377992,0.1794357133701908,-0.026041696286273813,-0.025522393622824456
-0.87770704279608,0.3907723668335226,0.8148336949198505,0.004673580779619045,0.001040492517582911,0.9997578520785666,0.021478180213162515,-0.27269003961092114,-0.11115502346907924,-0.00994809448514887,0.6634379998157968,-0.5463360238813206,0.07764936235819654,-0.41557453489889623,0.06243160439984778,0.09644288120209561,0.8796228386192769,-0.5633624074256477,0.09693626678086496,-0.0666613992739891,-0.027167895098627874,0.40345255382467343,-0.07374788064692678,0.33839340950405034,-0.12994350707763766,1.0431936487585893,-0.032919500238686776,0.00023503504257650705,0.053992976551562176,0.014370196829594145,-0.31687649667344736,0.09416675763898816,0.9427561685540711,0.1824485952331716,-0.01935161862284661,-0.022769875835744503
-0.8868751190896572,0.3921151740756887,0.8120166883185942,0.009997518026533137,0.003099823088848756,0.999819743565045,0.015840489501769407,-0.26707310802207485,-0.12018184223220316,-0.016894906883096306,0.703418235930013,-0.5796629627271392,0.08417877696667186,-0.3803404110278768,0.052745999760967346,0.08289895588583446,0.8611801511697588,-0.5746728512963857,0.08123904333520468,-0.06467602175795521,-0.031837535504976124,0.388416267452336,-0.05807026340296472,0.33871545656572527,-0.1318335011264037,1.0448129187040558,-0.028950673966220978,0.0001130597124148387,0.047314242719203745,0.03873289162903318,-0.30472648780582173,0.09110550816362117,0.9615473483312356,0.18487697297111824,-0.01827805570557822,-0.020738900474176654
-0.8971902381724838,0.39376557153254155,0.8124228927837382,0.02511174090664874,-0.001391810394922464,0.9995811938263826,0.014314338304184566,-0.20831299045465307,-0.11103583150786728,-0.025169914106590613,0.6964163342129082,-0.5996359445990043,0.08523394708304988,-0.2960213299820831,0.05268977069673192,0.060856247820677535,0.8024094484454771,-0.5849285889533384,0.060900405232767296,-0.045915786643527384,-0.024439959365508652,0.40115335833097787,-0.06099583433501894,0.3428767315077998,-0.12631722724818573,1.0516915541020637,-0.031565320834888375,0.0014184346826916104,0.045012465048815,0.047529109424356474,-0.29411829166717307,0.07581189909935478,0.981614266277996,0.18154263608231014,-0.012328954891193102,-0.007326512603337516
-0.9048303714139744,0.3956657185884944,0.8101543379478546,0.029941250111205197,0.0008623969158451919,0.9994178288603481,0.016333437158382345,-0.19988628138818698,-0.11445130763573837,-0.021490941528189256,0.726748043590288,-0.6243373942721958,0.09595826151963727,-0.27967372425264136,0.04891923597988898,0.05990755515957386,0.8135854767342391,-0.5932028953104602,0.05642893373983912,-0.026898374612315975,-0.02714401299574422,0.3863470383011542,-0.04802436188347295,0.33429248555422214,-0.10937394654685247,1.062539388708438,-0.0431173447324015,-0.00018784627447952963,0.05661594512971182,0.06483070633135418,-0.28300081123254517,0.07311031588744284,1.0032026151972768,0.18316130923065238,-0.013178348422230368,-0.010912067219007166
-0.9138446130531843,0.3975740218534106,0.8122838769868141,0.036942531784765954,-0.0005265654051837994,0.999134011430118,0.01913633396885634,-0.15079212355113905,-0.10959624352250799,-0.024918812818802774,0.694228912908114,-0.6249034172712966,0.09877769337085608,-0.2407087884598575,0.05771438160588442,0.06800097224801302,0.7928072969062879,-0.5854177144677809,0.05793004034469408,-0.008712967158869309,-0.019977008301549297,0.3858732207736058,-0.05233789925121916,0.3216157220291458,-0.08996081879134979,1.083084642760359,-0.05172535065696707,0.00490454935372992,0.06478057271872441,0.05127382531838572,-0.27908436374355383,0.06831144674733962,1.0457067922598977,0.18722110947721618,-0.01049631220582793,-0.006947637525805961
-0.9215850166986863,0.39976642714159344,0.8140236162962786,0.04473012739639246,-0.0004089914257547258,0.9987686717438072,0.021452010913398756,-0.10366094679651683,-0.10624751796259135,-0.025633434918734654,0.6632774940995719,-0.6223734135987575,0.09380877430909841,-0.19794814829388824,0.0617660013096216,0.07187206501982293,0.7672046264261525,-0.5884167266025804,0.05505621231169622,-0.0009228879462009005,-0.018826480603086462,0.3849036384913545,-0.04552933505110282,0.30760442875739397,-0.07544018375353687,1.1064463976753653,-0.06561448890472743,0.007208749975617266,0.06335353075415816,0.044124686342051495,-0.2776536027516292,0.07031124348845852,1.0707131322270973,0.17605332683025288,-0.008013141453119148,-0.012352657384315832
-0.929242410364356,0.4020915133601443,0.8159824712868988,0.0470779831959341,-7.249268249584061e-05,0.9987069355731674,0.019186325366498752,-0.06861689124793702,-0.1027815012521746,-0.02915800470618378,0.6280092431175732,-0.6141809924577051,0.08429690495041128,-0.16245457384860745,0.060603629016323726,0.06520240715518792,0.7351136017722167,-0.5900251251881644,0.051237891072831956,-0.00392867633251698,-0.019742535194048158,0.36896630062879504,-0.03056869896526464,0.2995379398656296,-0.08394847383500864,1.1263260291446389,-0.06155373273879818,0.005966751118773176,0.05558906630325556,0.04038709270131177,-0.2779744882367409,0.07230850106106865,1.0889057427936926,0.17023646492620362,-0.009136756528876164,-0.017121687730196764
-0.9361346089047945,0.40356199027886175,0.8180757600973325,0.05125457801687508,0.0004524099706395431,0.9985881077717238,0.013948282131498497,-0.032529047828834465,-0.10495935149080306,-0.042481733332300584,0.5940750772688163,-0.600464705928595,0.08603107675794028,-0.1220537947990954,0.05662528931073271,0.05961976721784354,0.6983232025071751,-0.5877570112439441,0.05390046951411324,-0.01658697102037131,-0.02329114699602694,0.3583891268853677,-0.014446951080637652,0.2968387475094053,-0.09775365986293932,1.1417116852218183,-0.03184775153001681,0.013231946816213386,0.02573430767522882,0.041019024313484184,-0.2775028436986002,0.06817326427091411,1.0876879211690944,0.17399308659938834,-0.006022306430907667,-0.012863407804880336
-0.9402630853292386,0.4049538568030126,0.8174052683278259,0.054937059568838445,0.0026456482930033477,0.9984295034942434,0.010651130610371134,-0.0266223698739839,-0.11002525231658329,-0.048082184008730766,0.6102797920465141,-0.6030196960414099,0.09493461020671526,-0.10879551244232501,0.051390220857191075,0.05640373328226581,0.7043180650627257,-0.5988619802396018,0.0587317429322784,-0.02428682699523769,-0.03004962418826128,0.3459696247126742,0.009645543094537603,0.2944114822526362,-0.1135344039105968,1.1458156653320501,0.012029363433790916,0.02624341316666825,-0.007015638990069991,0.0507106087977738,-0.2721474737808009,0.056729351258461,1.0768756451803654,0.180123019523703,-0.0028283295994217294,-0.0036390305980476966
-0.9471303890566403,0.40638040697057365,0.8205953289994155,0.05343507415920914,0.0010405728125055485,0.99853576643564,0.008362607644225152,0.01068958533330081,-0.10373934656061438,-0.05608369496644598,0.5505576261229306,-0.5821793025883788,0.0916735770766759,-0.07180701474457615,0.054782556654869766,0.05295874720064153,0.6461724480517214,-0.5830799468004777,0.05998407014357438,-0.028475152665467823,-0.027488005079816837,0.3365725693182089,0.0049714451331835,0.2934666153906919,-0.12115585801901674,1.1599092769993904,0.03776885106624454,0.03257741202594622,-0.022441715999320124,0.03640399688994199,-0.27475580846749426,0.048065886003206534,1.0763249247433404,0.19163865591083434,-0.00013341816294925918,-0.0024664976539183455
-0.9502896943851235,0.40787076185717036,0.8194480335630134,0.05750819113000061,0.00167839015578694,0.9983187224608048,0.007051194485168961,0.013429611734400824,-0.10368859790613964,-0.05718934871382966,0.5727631729535371,-0.5933847806803862,0.08908438221464096,-0.0595088475679624,0.05422754079684478,0.04989381467120018,0.652029056771558,-0.5942934493472742,0.060331520934953795,-0.028665607559966066,-0.031781083324220895,0.32746738116423013,0.01638464094005756,0.28698478261080607,-0.12565862220264767,1.1681753147585157,0.03880722891668687,0.0323520588580106,-0.01876150368323691,0.03793999515214531,-0.27324924447931365,0.049494141887271303,1.072593330900272,0.1904703301785506,-0.0015984502067945272,-0.005465254176120907
-0.955361410685071,0.40913004576260487,0.8217379028640224,0.05545426661243283,-0.002308050567719054,0.9984396081595871,0.00615191638316743,0.03874909065578705,-0.0918509878356911,-0.06404878488475324,0.5298017050392739,-0.5814504837156185,0.08590975844673256,-0.028606910109778998,0.06369917199125671,0.0474150293296856,0.5953959760800743,-0.5762110048321646,0.05864291346244869,-0.029459064643055005,-0.024864536240520627,0.31832343683302594,0.0036066034503828316,0.2814937832340859,-0.1196390617690637,1.1788928846932987,0.028107935080523134,0.032294737859300884,-0.013634117172744015,0.019137417844256478,-0.2771720507009305,0.055961928782860965,1.0708958729986702,0.1934930820765699,-0.0003585015014744829,-0.0068746434815533854
-0.9579148807340263,0.4104547188196418,0.8207067958096697,0.059083762637726564,-0.0019410069473193956,0.9982314915556472,0.0062634456322775344,0.04031289617635982,-0.09072053592450408,-0.06288698776050894,0.5506447913382164,-0.5930306365181087,0.08246018378307943,-0.019898843323491962,0.06492662347609897,0.047703502490048726,0.602593704979388,-0.5842166140106075,0.06186440731786267,-0.021125760458384324,-0.028130069004354618,0.31283462007562923,0.006288687590636527,0.2788985279462034,-0.11856424230999017,1.1792824309084358,0.026089584408270184,0.030794608920169324,-0.011025085160190937,0.020156997307251758,-0.2725688460670405,0.05539270073586139,1.0711402408717792,0.1909643145816338,-0.0028456178003263663,-0.009786631417231318
-0.9606449866304044,0.41152736981453797,0.8206500562274903,0.058684372060907916,-0.002907080138838755,0.9982440882337184,0.007512234508902399,0.043177645747602494,-0.08592141232240631,-0.06017925377456855,0.5531324149557006,-0.5979448235869661,0.07952157838380011,-0.011803954347242088,0.06890608633243799,0.0490972195753804,0.5921705815209006,-0.5835466762623895,0.06457910762318496,-0.011769383292059246,-0.027406798847894244,0.30718626904748725,-0.0022471855762766467,0.2765129050667719,-0.11454341726339937,1.1737480646489908,0.020055434795022923,0.026722205276322023,-0.005235609102465362,0.013866532387328958,-0.27066446713447867,0.06326987354760732,1.0635235135932894,0.1941167813152301,-0.004862371739646302,-0.012417891516217602
-0.9647400216557456,0.41257226049691625,0.8236213734769104,0.053073455328446754,-0.007450963118829397,0.9985259588042364,0.008579107306883278,0.06514434772027639,-0.071559089111489,-0.06332898446836505,0.4972845686087694,-0.5765380138535102,0.07483552264089118,0.014886526023079596,0.08024664180046337,0.051609719095832875,0.521994905357872,-0.5536184205325033,0.06393849911443927,-0.0021799278619780605,-0.020646213055110798,0.2952987418242405,-0.02353213709500171,0.2819312772329111,-0.1145412043694424,1.1695803927884707,0.013205492247298698,0.022820800560125767,-0.005612869424408613,-0.006298153925359557,-0.27130847365269956,0.06724837945046946,1.0638715391878708,0.1906685774520602,-0.004304764716699821,-0.010266782796478817
-0.9663433751336193,0.41325098238716995,0.8225920872997361,0.057216481097276464,-0.007587233689640684,0.9983015584186145,0.00791875209556156,0.06549099307521253,-0.07049569004672629,-0.06300773150036733,0.5198099089309153,-0.5889346007308328,0.0734461826769628,0.024207527489146976,0.080915604885292,0.04950249845863938,0.5284387261803324,-0.560005450048995,0.06596729669854473,0.002506331735191341,-0.02250692481765803,0.2925153091901518,-0.023279595029109496,0.28348670782009006,-0.1221573247182285,1.154461918495928,0.018672125499988833,0.01928203570858213,-0.0010813736670756907,-0.003627928777918201,-0.26837935902526144,0.0762250532459979,1.057301467283758,0.18449844317093778,-0.004315667796996967,-0.01067928773076442
-0.9682504504744169,0.4136383507821992,0.8223512903604837,0.05713808530348052,-0.008953587968927024,0.9983006061974191,0.0071394773059189785,0.06613225273820539,-0.06698816412413741,-0.0641627726285463,0.525081348225922,-0.594770667817013,0.07207130517547286,0.030954937916449328,0.08388092447924628,0.047568422513461224,0.520594138677407,-0.5601606569627218,0.06695938060681558,0.0056143561049874936,-0.01996602096179446,0.2874375251370792,-0.029147997142567945,0.28566043902943594,-0.12664526005032273,1.1371834475423352,0.01719716257483234,0.017372806784719138,-0.0031007107493039024,-0.0035528604903034833,-0.2691942033617161,0.08292207817726044,1.0421318166332205,0.18054033695510294,-0.0056303431363162225,-0.008798911661373709
-0.9704777797433812,0.41401533701832405,0.8219515038846097,0.05825574122814152,-0.009925343415966039,0.99822808540028,0.0069602938247939295,0.07560120401202171,-0.06382395330962855,-0.06567401640432423,0.518877900049566,-0.5998442758633188,0.07436556490629657,0.04385278085249854,0.08572028687685085,0.04664739820550255,0.5073079212308245,-0.5616058590235193,0.06405996385581782,0.007420970421348568,-0.017386792800507415,0.2773622992001852,-0.02853865468525943,0.28971924994521986,-0.13903370712428878,1.1205729272197202,0.0037038163496817536,0.01186109144574389,-0.002998113507580346,0.003929276195451786,-0.27122927838726957,0.09749836609072227,1.0301588428725938,0.18269076913929647,-0.005509476584640121,-0.003908745910506401
-0.9724623467136972,0.414271766589259,0.8223606805257841,0.05750838899892825,-0.010601699268825322,0.9982735153894439,0.00551159136403437,0.08226810414737516,-0.061492852661815416,-0.06846031639118111,0.5074866028014731,-0.5971964777342267,0.07109232983101263,0.05339661513681998,0.08683935641895497,0.044898451003397746,0.49113989435260363,-0.5563808293113836,0.06769378272208922,0.010235569445922722,-0.0179399338003396,0.27050429283187605,-0.032982304187208024,0.29365935085100037,-0.13950678685050105,1.105322859547612,-0.0005240809016668214,0.0070057750930554216,0.001974416453197523,0.0012695686918192985,-0.26872156515826845,0.0977050469353197,1.0339258504298272,0.1811941195829815,-0.0039838759179984225,-0.00574547990171047
-0.9743716791272791,0.41443683162139944,0.8229705129897369,0.056733731964596065,-0.010957072230283898,0.9983158849497012,0.005159465341059161,0.09133517689584911,-0.059454168033432946,-0.06912803525905785,0.49101726923918493,-0.5913925887286778,0.0669672617298458,0.061580156066816674,0.0871482584989063,0.044662789271520495,0.47549704623019595,-0.5510512919020824,0.06964337511913367,0.013839137339645598,-0.01876129632730864,0.26682006695585336,-0.03933957732482665,0.29716448341777807,-0.13791692754389762,1.0907339164063374,-0.002325808136488935,0.0027640517183044884,0.006793920068232771,0.0020460738123562437,-0.2671045518711394,0.09954525695369829,1.0270174440079687,0.17789189226991,-0.006618567246654909,-0.0044224377525288305
-0.9758598824744479,0.41420282185196805,0.8234386492011692,0.05514627140230085,-0.010994577686488606,0.9984045375894273,0.00513686020468544,0.09776710680027745,-0.05924208357928003,-0.07016535435896867,0.4751575816139007,-0.5856388309739005,0.06661609322810014,0.06557136973740096,0.0865656436486369,0.044497789139056325,0.46482726907549565,-0.5471950082033401,0.0696273466070587,0.01648251000413012,-0.019616211442597092,0.2615953516834727,-0.04855877159729701,0.2994726423110645,-0.13764931925688195,1.08596212274218,-0.005517083324444777,0.0030853434482711866,0.009209827361770099,-0.0011860477078843544,-0.26597648558140585,0.10468624848033266,1.0324066138959225,0.1771063093402595,-0.004891270263297435,-0.004075915718869581
-0.9771760007863708,0.4140395159229166,0.8237863430273358,0.053962947309327096,-0.010423337820609849,0.9984762485988731,0.004953315080881447,0.10517843399940555,-0.059680046471452815,-0.06981364317041963,0.45818589034105106,-0.5786284405718054,0.06307225923160156,0.06886131764031844,0.08504336451559674,0.044921632541569466,0.457381737727525,-0.5457791825511688,0.07008052941578695,0.018523607296618227,-0.021530314569937585,0.2559924266437464,-0.0556640338654532,0.2999367290284487,-0.13623284748792538,1.0859155546635832,-0.0066364945175090865,0.0013504539896065182,0.012528639316922942,-0.003326674341763699,-0.2652471407656902,0.10908769217632779,1.0387249701359407,0.177124419486381,-0.005314149816439656,-0.003236665210172507
-0.9782015408056526,0.41360041752505255,0.8241753876932956,0.05291796989562509,-0.009723522622507186,0.9985416453040923,0.004441189405165466,0.1134673552162091,-0.06106844406760323,-0.07026656785144694,0.43856415751258143,-0.5729392627635271,0.06085375669300504,0.07103368925071572,0.08257091412078928,0.045250679084039194,0.45117586239088425,-0.5445032514387942,0.07018303278581604,0.020063146596579796,-0.023293909664647765,0.25374451883833116,-0.06133216754889817,0.3005287419331164,-0.13526355995052963,1.083658513526743,-0.011232344930546026,-0.0007103165073999169,0.014367977115248103,-0.0052642700525706715,-0.26521949994517263,0.11124283884188436,1.0447575368600783,0.17742350264217496,-0.004018629047757599,-0.00349016058225512
-0.9796637392282107,0.4129729773231269,0.8245110454824525,0.050884960735901465,-0.008945113436064894,0.9986604600730214,0.0028268716390427396,0.11999383461442545,-0.06378041152297095,-0.07476525539896207,0.4191208586931815,-0.5648206982433901,0.06136126275154899,0.07077184967063221,0.0790231287743162,0.04222059576658338,0.448148574220252,-0.5436837179887422,0.07114801776432023,0.019521957473775678,-0.025674564395486175,0.24832695666849824,-0.06444993984303977,0.30328429109797983,-0.1388326353864056,1.0849080630741414,-0.007363185445349109,0.0023928352551897724,0.009164942082564232,-0.004929903836771016,-0.2650861229188713,0.11437647104543715,1.0521000013611037,0.17497563161127277,-0.0018856387645649394,0.0017342217031352156
-0.9805918742842288,0.4123680965125467,0.8246786624207989,0.04879386466521904,-0.008391211962156916,0.9987719864100456,0.0018070681700174062,0.12394727194817567,-0.06535554805179691,-0.0765473523421363,0.40298576903544847,-0.5587342095831809,0.05808571489906278,0.06939638690713168,0.07648460687484271,0.04133997011477838,0.4446693000713705,-0.5447959911538209,0.07121443801205954,0.018811044377760995,-0.02774978140498776,0.2436037226969387,-0.06479378779710138,0.3031573854840925,-0.13840231820860233,1.0872918260596698,-0.0072712355292514595,0.002469748290983729,0.012211523651245362,-0.0030604190188099623,-0.26376375742772906,0.11105073644150143,1.0580201976677444,0.17562444326995516,-0.0034359905430262593,0.002340370589629366
-0.9816043256471279,0.4115937818218149,0.8248083171756042,0.04780281068659681,-0.008616674489219845,0.9988192174222708,-0.0009028395050689499,0.12747181744637803,-0.06601886095751583,-0.08156655470545099,0.392457198591028,-0.5550018198862576,0.05537422819123785,0.07221465631154472,0.07498697403032799,0.03722059931236853,0.4389513016814421,-0.5435354994843331,0.07233973529953212,0.01259681802418801,-0.0275171344221445,0.2432758205276988,-0.06311855750298556,0.30120693752960603,-0.13710627213896667,1.092973845852255,-0.007654786372284947,-0.0008055534597918258,0.01312303023711436,-0.002580972755976435,-0.2627891026744471,0.10720902543692407,1.0658992578314885,0.17383184633929785,-0.004454982860801699,0.00036525802918446954
-0.9822355314767968,0.41104209335584246,0.8248978134141913,0.04702690608781303,-0.00918216452662577,0.9988494100555576,-0.002003494466993308,0.128680756825644,-0.06577787723036461,-0.08511447466871734,0.3876490526245192,-0.5543477646722301,0.05495174508786163,0.07320497013682399,0.07510982163011225,0.035784270841626796,0.4351542066921288,-0.5431401346911683,0.07173239892165703,0.011936117895071919,-0.02715025144169924,0.24303856625638676,-0.060716519719260925,0.29944129917174955,-0.13471375699500554,1.1003356021891424,-0.004991351314176587,-0.0016377106474772286,0.016743526418381435,-0.00102017433130943,-0.2609236338114126,0.10320095363910782,1.076454201304951,0.1737602041287368,-0.0035534046821878705,0.0006921576589999626
-0.9826804766861662,0.4104715809246385,0.8249139179514233,0.046899822210563887,-0.009614225491289048,0.9988505973898992,-0.0023361161490729975,0.12910120404553674,-0.06577674830764176,-0.08611045542550053,0.3874579594026569,-0.5548254069477401,0.0554009548545625,0.074694738051057,0.07506467979797506,0.03447437516360093,0.4335730159486582,-0.5422574551139919,0.07162225018628084,0.014951958579004977,-0.026597677013226243,0.24677886977839594,-0.05999286985004182,0.29871449541117306,-0.13547484291709466,1.1075747710211377,-0.007480740292717779,0.0005204958480812346,0.01428548473245596,-0.0007228189473105634,-0.25955760533780775,0.10286390913015613,1.088805139449927,0.17574992174648862,-0.0011319713692405395,0.0012113712712321948
-0.9835210267501783,0.41010703479497235,0.8246577380309719,0.04665903137351511,-0.009742026896154176,0.9988633465136779,-0.00020662704726851638,0.13164646280046283,-0.06585525125229422,-0.08332125250138248,0.3849804918246655,-0.556211428205151,0.05656019763425471,0.07418439144050126,0.07537589919581754,0.037933324403601684,0.4351200117913865,-0.5442675352615918,0.06841693089750613,0.020204477662470497,-0.025373824726885652,0.24605784390768154,-0.051806065969327054,0.29666177628652957,-0.1337388083447732,1.1192782973160602,-0.011201383228638728,0.0021668880451021764,0.010949424135244589,0.0040318986838469816,-0.25994992539657563,0.10197743316030812,1.095161526125827,0.1763925097646955,-0.0020642886971713936,0.0019453272864425402
-0.9832832370626349,0.40956045469425556,0.8244706736052869,0.04661000093944867,-0.00944851990013866,0.9988585451271906,0.004454223895765457,0.13372330233411833,-0.06647026815934177,-0.07504846565434081,0.38202083450536806,-0.5573843606298337,0.05817811175274644,0.06933866051258432,0.07480724729756533,0.04482843246782568,0.4415947384041277,-0.5453231402042472,0.06615284419050763,0.02781303908324779,-0.02549529513820169,0.24873098072833957,-0.0438957761049872,0.29403898249601185,-0.13118065959331746,1.1309870686624726,-0.014165499582053081,0.0015187345212655733,0.009483002043409015,0.0036679587665310563,-0.2587188099644779,0.10528544631587528,1.1023713117897016,0.1790981110820848,-0.0025499238865117615,0.002326639731719789
-0.9840426722155508,0.40915923554569944,0.8242670937292695,0.04739365653761907,-0.00961028280483395,0.9988195566792075,0.004580063269951921,0.13807336735330314,-0.0666619651106665,-0.07507157115880195,0.37943589365078934,-0.5577972685491297,0.058652397494264485,0.07123321165796212,0.07476584104814574,0.04530249881537268,0.4439695619442213,-0.5472464241882332,0.06701820402264326,0.02853290223148648,-0.02575029369373183,0.24943905713129516,-0.03568966532686772,0.29189661149773727,-0.12854394840878158,1.145429770392303,-0.012302771845118705,0.004602938080507049,0.012461743365796078,0.008363355327714065,-0.2569989967779243,0.10479306472349906,1.1097002336447783,0.17799101479364637,-0.002264841167931593,0.0007690812286444313
-0.9848037124586299,0.4088202524478932,0.8242475899577284,0.04765419291570981,-0.009873107179633349,0.9988058735698144,0.004292618619391675,0.1418215111260283,-0.06622159778890085,-0.07474557662596538,0.3750227435714293,-0.5572070485028986,0.05834892714345027,0.07419821457622257,0.07482496451184707,0.04490276157060047,0.44197508687869225,-0.5474445646676044,0.06616948159064849,0.0266653709921636,-0.026892183914225508,0.25163194653623605,-0.027094200670850124,0.2899477240482856,-0.12454989996191164,1.159433414430134,-0.014281330111419629,0.005136735179989799,0.0102006123107968,0.010750449423497033,-0.25360552019281724,0.10141355357957627,1.1167176163787076,0.17852936009053152,-0.0016004409819041832,0.0016762943004208122
-0.9851943117309565,0.40849875728652685,0.8242963163709383,0.04785582932379758,-0.009915110298024662,0.9987936775382296,0.004764440908277058,0.14574912414766192,-0.06660135316721548,-0.07463506710007078,0.3699073341880414,-0.5560918507607572,0.05851657505797964,0.07565314574741139,0.07456464573144182,0.04588342732939551,0.4410612647191936,-0.5473007110320931,0.06699234379030927,0.025570648612650963,-0.027797164995112856,0.2555007208370666,-0.020352964362177248,0.28715408144586096,-0.12068079222105352,1.174384966205689,-0.013671113760964998,0.00840703631816258,0.013483939249534433,0.009965615757470672,-0.25210838554332593,0.10229379940272007,1.1217010364967825,0.17961740866257203,0.0007038430383451461,0.004383818007875354
-0.9857445853144118,0.4083249353255538,0.8242859127656244,0.04799505495154566,-0.010012476554927966,0.9987872690111219,0.0044962511873441755,0.14876181455842777,-0.06650263202496896,-0.07495883395141187,0.3659729508052587,-0.5549834980736473,0.05845714352443578,0.07775108669857081,0.07449128181655507,0.045837360801815524,0.43927468825834703,-0.5470898588391421,0.06624650968099591,0.023897947708519957,-0.029286762264528445,0.2544191465871065,-0.012329068093855242,0.28545487136197606,-0.11520665611824236,1.1893765222263886,-0.01247720092600636,0.014241675737354166,0.01225960889891018,0.013439667169148463,-0.24958099422734636,0.10077200162948416,1.125875893901021,0.17957492424108543,0.0013359118521225387,0.005906846045373178
-0.9863956519577393,0.40815918895467934,0.8243145577608666,0.04756432541404458,-0.010276840653780078,0.9988065120730467,0.004192008415840854,0.15024824415121066,-0.0661966773111907,-0.07624481185593585,0.3627489482484395,-0.5544277160087933,0.05820269339160171,0.0794343426537161,0.07472109976307667,0.045248704801700186,0.4360108945693784,-0.5467985227642854,0.06623428037119379,0.022887992770692225,-0.02994842739553439,0.2534154923694579,-0.0040047080638351135,0.28387519851489407,-0.11247171057372397,1.201349042108519,-0.009785826625734365,0.01418295933217149,0.012673406350645157,0.01593968913153242,-0.24652818335451812,0.09882349053238178,1.132708961749833,0.18104436656565212,0.0015577324700697748,0.0056520232527298925
-0.9866772526823016,0.40795613497966626,0.824310775639898,0.04678417968937518,-0.010387372508136808,0.9988373196453002,0.005229905062447781,0.14995857839618074,-0.06592216835817255,-0.07373581414692666,0.36128797793215,-0.5540883400947677,0.058374965480332976,0.07810025414276492,0.0749775734612174,0.04728742667250323,0.43545723166720457,-0.5464881544943387,0.0652040800595814,0.024210237316187166,-0.03109812926542655,0.2523675353402897,0.0008073052993622272,0.2828268510586982,-0.10941102558200859,1.2156772828223747,-0.011672319053719458,0.016529992869275062,0.01164532052945515,0.015924071428046367,-0.2446054370652395,0.09820198471867775,1.1384972651659555,0.18070802826412438,0.0028970964887461564,0.007268343302096979
-0.9870898543658743,0.4078212011101503,0.8241803827732863,0.0467574303949102,-0.010590000202019348,0.9988350463536937,0.005490425684888577,0.1510834069292445,-0.0655618574412137,-0.07306135784011253,0.35999439190770066,-0.5550673113154722,0.057703369243219775,0.07830377472573892,0.07539367220727382,0.047728048585408925,0.4361563788728398,-0.5476569757447517,0.06529876015971772,0.025689727296434654,-0.031569061504411716,0.2543938981914983,0.003087459522682485,0.2822277058413922,-0.1087059308587666,1.223737824681743,-0.010007593013946745,0.016562441696232222,0.01381337964559824,0.014676370200000005,-0.243733555859057,0.09791068014113904,1.14027885627465,0.17803442771961708,0.0028984051235350678,0.006147639851751591
-0.9872096190937873,0.40787246582597325,0.8241299907732467,0.047273368235496833,-0.010657983218606996,0.9988113318283549,0.005249710530232295,0.15271489541993147,-0.06533144822354818,-0.073766577593326,0.35922541390931917,-0.5553525664803118,0.05788692243651937,0.0801914043326409,0.07555438683853254,0.0473261889637963,0.4353615075989792,-0.5471195367374686,0.06597993975605465,0.025445059334221684,-0.03208348412206377,0.2534456456424962,0.00423197019170727,0.28046599481322126,-0.10394700829630081,1.2305252471799313,-0.009703089219538864,0.0152131159168908,0.01816239817051806,0.01531694846205074,-0.24413367825927978,0.09915141320735091,1.1392349807147086,0.1796825581565867,0.0006584120799944316,0.005760604546576787
