base_x,base_y,base_z,quat_x,quat_y,quat_z,quat_w,q_0,q_1,q_2,q_3,q_4,q_5,q_6,q_7,q_8,q_9,q_10,q_11,q_12,q_13,q_14,q_15,q_16,q_17,q_18,q_19,q_20,q_21,q_22,q_23,q_24
-0.2592298927306586,0.23192404827848392,0.5036267482987129,0.18232720231997823,-0.0004608437142077476,-0.9825537828844045,-0.03666936946264263,-0.020116307777280348,-0.7359952246478259,0.03615324425149846,0.015495569383385963,0.9360383459353422,0.012524261807047011,-0.19404215201506278,-1.3502479782656998,0.0986859298414581,-0.030370060508615723,1.0773865886242866,-0.1764523212056906,-0.023896619333075613,0.01850289121543789,0.30380534000475395,-0.1670293941639703,-0.5586098819379396,0.022893906458936245,0.17173512092456378,-0.20448527280454223,-0.028545962544635185,-0.590094920995596,-0.10691114161887086,-0.03173836246082431,0.38731584222487764
-0.26672255859190375,0.23513858155566342,0.5072044566088103,0.18658853263810024,-0.0019368974574839521,-0.9817843285241884,-0.035784077192359126,-0.030809434096261253,-0.7940785058781433,0.06520659332138184,0.048316386144517616,1.029698274394811,0.09902899130415005,-0.1754721042868569,-1.3192911051735645,0.0912863603922031,-0.06410094932724049,1.0465588880927728,-0.22784382092258318,-0.04274899288530377,0.020645799549562,0.29940056978265894,-0.161634061314447,-0.5651997521845274,0.03943054648881404,0.1595444780352661,-0.21709497609669,-0.0429639923167507,-0.625481759951379,-0.11651019690530713,-0.017971783612857943,0.36699802232541856
-0.2741827766268503,0.239008627991448,0.5110160476563932,0.1857101908044306,-0.0010385009404948733,-0.9820257477110783,-0.03370574698291385,-0.03794065774045812,-0.8832343947587018,0.12752469341768374,0.09615011344405576,1.222584430411377,0.10119069643211508,-0.1055086368429551,-1.280224751346589,0.10431825389715817,-0.07030593196525983,1.02583686299844,-0.24337371695055607,-0.05281835559186391,0.03273030405075772,0.3011973424869962,-0.17125454328183046,-0.5704809772730179,0.05374278404676446,0.15429891641909455,-0.22818795196464006,-0.04326429695059435,-0.65241614727942,-0.12351655723262875,-0.0178148089584675,0.3605352492814702
-0.2821706959752566,0.24204650459752214,0.51416888711587,0.18382599831620486,-0.000807217783029422,-0.9824983730853803,-0.030071541814179308,-0.04872435187834361,-0.9975860082303161,0.16620717954588668,0.10137966101787359,1.4329751243232949,0.056785878251280196,-0.03227770721851995,-1.2417181866170937,0.11473419525623814,-0.0713374102530963,1.0129031321811506,-0.26358002193414937,-0.05150684027421604,0.03859560769354208,0.30604384811327534,-0.1821045446373646,-0.573727622294341,0.05279706203989155,0.14756157255659258,-0.24296135443506112,-0.044441381836549394,-0.6781342965390648,-0.12399975735182486,-0.03012570813347687,0.36398405926426836
-0.29118790804433453,0.24496493878566178,0.5162369046017372,0.18103172099379658,-0.0017182844963841795,-0.9830947371117567,-0.027373369459735515,-0.05876107717417489,-1.1122967717888783,0.19064342335812576,0.09060999220557761,1.6125374280542741,0.014864801435305856,0.013026674342371258,-1.2119814904470332,0.136134269161745,-0.04178071652508381,1.0177742627249986,-0.2655355663253418,-0.034967194076051644,0.04810304610257007,0.3088054913489114,-0.18009120931299738,-0.5736404015237371,0.05163021325802042,0.14039824136858012,-0.26127005961347544,-0.042115867034214285,-0.7009376881402923,-0.12124182973744224,-0.030684729231978722,0.3641864133424294
-0.2995230900493408,0.24806474963701672,0.519383962844669,0.1784992656189454,-0.003533192533367039,-0.983683297631236,-0.02219681700956161,-0.0706937406734948,-1.2291325002660711,0.20262469860845025,0.07353948562477551,1.740515312439506,-0.01987857493148986,0.047595564329416876,-1.1736660442902114,0.14092475612662608,-0.035944118285012525,1.0102343653619965,-0.2863827587830979,-0.028945307995459656,0.05685769414475508,0.305552043543334,-0.16972304940109864,-0.5679086527103259,0.05857310146495789,0.13063245466064763,-0.27674615980029105,-0.03957883533006214,-0.7142809363763314,-0.12404018708788274,-0.015065006990965881,0.36995027097462346
-0.3070986300358043,0.25224880109820186,0.5243305971140801,0.17613696065318007,-0.007955435427346254,-0.9842262916963875,-0.014528897845276344,-0.07747414702919163,-1.3318199615901956,0.19813393750703917,0.0589739048908499,1.7952375491328836,-0.037712655786818566,0.05826841818273121,-1.1246936511356393,0.12839055325005827,-0.03818397810962625,0.9874788407625861,-0.30679992492872765,-0.020412150230346926,0.057095235130465126,0.28341773940325243,-0.12843807559860662,-0.5546266266680695,0.03464473270526047,0.12007412317140365,-0.28381557745667524,-0.06822823101054729,-0.7322635493982398,-0.11059913237558214,-0.010762990853047459,0.3840567146495936
-0.3140894761195884,0.25438575480122555,0.5281160878560491,0.1763386755506927,-0.009209489611214322,-0.9842514224558045,-0.008306274727789907,-0.07963714350533414,-1.437694221108004,0.19650347223978948,0.04966773960911749,1.809641039050476,-0.05051974528416881,0.07030423724956975,-1.0853856682151697,0.1171806009033561,-0.046502431669577494,0.9603940413771924,-0.3196363269445635,-0.006851721410798268,0.059919743355214945,0.2792991205913836,-0.1133394467202428,-0.5448211069107581,0.021965485013329133,0.1098098788879526,-0.29059143187759784,-0.06733736552415018,-0.7459887634175867,-0.1040351435886176,-0.0005450341688606067,0.38824821547090377
-0.31655368906725195,0.2543500965469903,0.5318107596189043,0.16876633075443595,-0.011328659097137688,-0.9855775179829946,-0.0051520028362887086,-0.07962823110037091,-1.5105368081760513,0.18785266887192026,0.05821390604642432,1.7879386883079635,-0.09704647787078141,0.08585385168142351,-1.0414673162263293,0.1000567797480179,-0.047615884279719696,0.9465225477604153,-0.32664172257973884,0.013136886768970603,0.08245110494226429,0.2709492307393508,-0.10137292114756614,-0.5284992705157389,0.004079926033969475,0.11592085076156487,-0.298231691919367,-0.05228280813148421,-0.7608779479639615,-0.09027711976442282,0.016903693487564247,0.415817887002675
-0.32000583363486546,0.25360692827185,0.5358739123291765,0.16700960749717578,-0.014803509074292136,-0.985841487240528,-0.0022823580153692852,-0.07385556682870033,-1.5612810086122113,0.17143021151718024,0.08470168889372827,1.7025825876251734,-0.1133497419139592,0.10510585889657655,-1.0080821084182816,0.07604805963783362,-0.04704619380100268,0.9222376964036066,-0.3305739082018306,0.031165432385920986,0.08719725636625493,0.26206995148207635,-0.10229830902146557,-0.5115627968040111,0.0032755345599921456,0.10467918216612998,-0.3150645457962091,-0.023786589758321403,-0.7682985576450775,-0.08162256594109697,0.02649692647210639,0.42475253017576386
-0.32294101047669255,0.2524289611436281,0.5380759863233426,0.1682847983552492,-0.01691570689365851,-0.9855928739504122,0.0008788179490642455,-0.0680332656116253,-1.5966848773837616,0.15313935401518639,0.1081310562295312,1.5819897685186537,-0.11738682746194902,0.11493026519712678,-0.991949250124275,0.053938192397206035,-0.053111378795587624,0.9064778906655376,-0.33691757710376796,0.04931947040860086,0.08533463066982333,0.2573751266568934,-0.10071715141352108,-0.4949384381595399,-0.00476789638731989,0.08682327865728827,-0.324780274338513,-0.0009203787838823955,-0.7745302124652297,-0.0725609377379938,0.024159890648137176,0.41788449389510357
-0.32608619234122566,0.2494638124996758,0.5391867411560605,0.16713985689908037,-0.018912092286937104,-0.9857471529653492,0.003025131698542339,-0.06448313728176577,-1.6058378292557687,0.10031574509252095,0.1004337769400116,1.4380365687332932,-0.11207841629805554,0.08701187884919373,-0.978607071629938,0.03329337049495697,-0.0509848888956816,0.9077135169862902,-0.3427231397730163,0.06642445698985328,0.08978800742932148,0.24914566446663813,-0.09763439072224185,-0.4788694362039978,-0.010057737474540984,0.07533380990010594,-0.3323543483433506,0.015220170487031155,-0.7789733549371555,-0.06972894012761657,0.03602838793282249,0.42984869640315726
-0.3312984385680294,0.24769026522071722,0.539511974461385,0.16438926158416725,-0.019104030761776993,-0.9861998047294485,0.004599112529945592,-0.06428791254672413,-1.5937551597654365,0.049079668205152895,0.06306529983744442,1.295665089183572,-0.06883767001766558,0.04326897209479207,-0.9614395142597908,0.024369922636161858,-0.05143531177572296,0.9215234637112814,-0.363163336566216,0.06944367738142578,0.09998447874527064,0.24509462246741187,-0.08985331759560879,-0.465932028794484,-0.005725009557298855,0.07041639657892164,-0.3337939763690903,0.028673077865863032,-0.7884321752139848,-0.06743777660539789,0.027990226904058762,0.4508869851928662
-0.33748468440089796,0.2467088502083364,0.5399815234811081,0.16383806647818225,-0.018818772022999496,-0.9862862361737019,0.006511691527539437,-0.06559465557623434,-1.5737376344452259,0.022316239741917817,0.037525491072485546,1.1716871331942582,-0.0541182659147427,0.022534816405128128,-0.9433754445646513,0.02076612438740053,-0.05075188986307982,0.9257949147081472,-0.3788807771608745,0.07537954682911588,0.10413934656686982,0.2429785898106044,-0.08495584914404243,-0.456325555622998,-0.005943008859481101,0.06309907724949104,-0.33316652311503375,0.03313034005750497,-0.7952173792331293,-0.06557714135982082,0.030925428658737167,0.4418221881296318
-0.3443858637053209,0.24621942595098922,0.5403454036215205,0.1616890066195066,-0.01860081354230763,-0.9866421230779855,0.006927903155117295,-0.06756743021572349,-1.5462066753340027,0.004467103014923825,0.010759424305314177,1.075579196653473,-0.01654176240020629,0.008639513944637078,-0.9230730717326934,0.02087604500998724,-0.04790893745423768,0.9374416166784976,-0.4037240327589282,0.0735515269393207,0.11086232658293695,0.2410097772032922,-0.08083403089610557,-0.4447151553943487,-0.007019704747867259,0.05747166195443944,-0.3339886777280524,0.040284956786790956,-0.8015720602439393,-0.05969898207264747,0.024681861822180753,0.44952006704398284
-0.3526156247288461,0.2454248328333052,0.5402930625111717,0.15819733873120018,-0.018157908038127762,-0.9872213846591557,0.006150615067133353,-0.06827831695991896,-1.510960820121357,-0.015790684092782722,-0.028617488223947062,1.003287903252106,0.0339324029162641,-0.0171776427276321,-0.8991746149052966,0.02262265095749892,-0.04082476989033508,0.9581626570970949,-0.430177561867842,0.07221006855450367,0.12182275545350643,0.23598611242691425,-0.08437820102904062,-0.43196007971608286,-0.001645446104065509,0.054555037700292096,-0.3366120346181593,0.048305011190939516,-0.8033048454374222,-0.05345782578902335,0.03618480294414784,0.45639672529217673
-0.3631399725002097,0.24469813097945176,0.5398262073070992,0.15770185064142753,-0.016068935374331135,-0.9873444550240835,0.004779409314914946,-0.07010617161264222,-1.480353109131948,-0.02856453716330357,-0.06900928469944995,0.9618414085338884,0.10294597225113336,-0.04531110739824607,-0.874874255571818,0.029077296064587543,-0.039481546843518574,0.969535744363788,-0.45683968394919056,0.06593722486916234,0.12905995568139372,0.23401247321174531,-0.07653525730362024,-0.42566334118357946,-0.004977078250586047,0.04594498538791215,-0.3328899893741457,0.05392849818423497,-0.8180204296829984,-0.04493509807813195,0.03936907138983662,0.44722300013343064
-0.3693171290775574,0.24442089561697702,0.5409860926371122,0.15563920355421898,-0.016414326848647517,-0.9876767283402995,0.0012994176062572098,-0.06764926606535006,-1.4584035943239784,-0.017927943890692553,-0.0494014300775389,0.9765143970325371,0.05680284096261648,-0.020605323084733652,-0.8527433809137248,0.02763924227220944,-0.035809754735715925,0.9712119266180129,-0.4701035384899533,0.0674919304064315,0.13771714886876205,0.2279643284243364,-0.08958490479091362,-0.4131539785832873,-0.003939710011565467,0.04448634409634738,-0.3353448683627504,0.06179596717187826,-0.8270095877901508,-0.039389527531593777,0.047089297829767604,0.4660305294235378
-0.37769478863606987,0.24244861129270667,0.5421712723564294,0.1566040600034604,-0.015304533226907169,-0.9875426016515665,-0.0007413341984059105,-0.06454566543663087,-1.4513637873611054,-0.011490002813012374,-0.027966349455161545,1.0168423174432821,-0.027536048735339866,0.006141353975337948,-0.8295520117518611,0.0210063214920941,-0.03998484823736477,0.9638525960477652,-0.466939543082903,0.07725525112742643,0.13614500742900662,0.2252685659135735,-0.09899800359362901,-0.4002452224546231,-0.013791772590750297,0.03893739772061531,-0.3346264342889574,0.06172780121763338,-0.8368753669154136,-0.04044076901567679,0.03588098023040304,0.4506006034408546
-0.3883706162465684,0.24017672266742382,0.5431822074277599,0.1597184357941117,-0.013700170848294047,-0.9870667311701065,-0.0012628552449565728,-0.0608361752736846,-1.459456929638029,-0.024225511326134434,-0.029537932976213124,1.0593738467190057,-0.06842732864130203,0.028219952044896118,-0.8082715996730533,0.017205424040616257,-0.037803432252198794,0.9549429794808029,-0.4563930702211856,0.0888553225205006,0.12486041662400323,0.22766655407579853,-0.11452617858168636,-0.38775818759117053,-0.013716739072963634,0.03883948346746466,-0.32848479780026246,0.06611771975276119,-0.8418060860971618,-0.05109289531044257,0.030493672772107933,0.446579939103594
-0.3995515933479236,0.2375171562769719,0.5439570186044096,0.16402643270720396,-0.012537261433630693,-0.9863760089547898,-0.0007179188769249733,-0.053024705616051625,-1.4652198177001692,-0.041327133197231296,-0.030461201111920893,1.0892375938994925,-0.08928283695477833,0.03725231161902365,-0.7931491489521804,0.008145692240037588,-0.03448120811375232,0.9494457363191113,-0.42361324102332065,0.10531326415698834,0.10838701048526964,0.22767681251849192,-0.11974167300185118,-0.38126841202448464,-0.018039154697649752,0.039564928345671095,-0.3274235330683352,0.06469714058287761,-0.8458052653192152,-0.05631936317803864,0.02284093713084499,0.4373068671641827
-0.41037124568437566,0.2340370245109461,0.5459533272593846,0.16913243554457139,-0.012876016913236702,-0.9855082639075189,0.0013744836117921151,-0.04788954400474089,-1.459442325389887,-0.06357877988910339,-0.025952690261019894,1.103202030780548,-0.13432099926272376,0.06484421793993139,-0.77630481195343,-0.0057921960050320645,-0.023826156680374903,0.924384963366169,-0.35605965039422033,0.14429366124375634,0.08909754109606453,0.2282714893669587,-0.1151155056217633,-0.39427962299875713,-0.02571649740140276,0.04463457254468903,-0.33077986759300904,0.05609010763071278,-0.849871987397736,-0.053359641794860496,0.002021875987454863,0.4354402744237186
-0.4208630856116792,0.23025660227159944,0.5491783431743786,0.1745050672135369,-0.014562811667034745,-0.9845420131657673,0.0035958788421649335,-0.04649960382754064,-1.4452833518826718,-0.08246635153052785,-0.012949703810148571,1.1008878164618106,-0.16150153482244636,0.09565415646447549,-0.7554528809792468,-0.02107396801730458,-0.0041765797518850175,0.8825408674639705,-0.25609315592489346,0.19814915217206747,0.06941802829615512,0.22497431122322448,-0.11280530762818171,-0.41849030598843895,-0.02729561215020726,0.04662704643517391,-0.3389607838629362,0.05733392269422564,-0.8423628389293633,-0.051463727929119976,-0.0008553513216487173,0.4500115414901155
-0.4307028346379791,0.22684631098057176,0.5539568501236549,0.1796516227536739,-0.015488263219839257,-0.983582357535745,0.0071522086679690665,-0.04437104624505264,-1.417819368964347,-0.09770377068900575,-0.005127634400210775,1.0747706380742124,-0.17182105832123604,0.10770313456533638,-0.7316332789763389,-0.030558331425523833,0.02057752880408163,0.8249527304778247,-0.12451865437631257,0.24721385119438571,0.05227075953139165,0.22027524142108415,-0.10798040555842377,-0.4525007279404676,-0.029592951542313034,0.05286006579410385,-0.3432857325033533,0.05966725423401934,-0.8323307856849601,-0.05199903942202011,-0.040291619158709664,0.4414730192786105
-0.4393338803454436,0.22363692666785215,0.5583870986956918,0.18416793820951485,-0.01631661740581458,-0.9827085433938819,0.009992861089948712,-0.04110531263498407,-1.3894675594717452,-0.11359128522705969,0.00029146318614946655,1.0450210033877556,-0.17988987992450656,0.12244552007069029,-0.7064797992765882,-0.03799639177392755,0.05211832004281258,0.761556182058325,0.03171848023154388,0.31533237349493826,0.03787122031713808,0.21334843031779308,-0.09025830533833303,-0.4886590234888433,-0.029901690596053333,0.06234227979570222,-0.34260793865377265,0.041616496662653046,-0.8266772899400621,-0.0550962038805224,-0.044824967689814706,0.43252311577998853
-0.44647994882869346,0.22174632762163235,0.5620794446191317,0.18920664553305616,-0.018451838398345743,-0.9817226367242115,0.00900219357218109,-0.030261889692301324,-1.3607861530725807,-0.12767146428293874,0.0072488914689359425,1.0035331718574305,-0.17807265778595482,0.12789642178601662,-0.7029207019477071,-0.04777827747887272,0.08814395077991405,0.729545305043017,0.16341520929037137,0.3857413569158063,0.0175391064476807,0.20751671991038226,-0.08354394289922623,-0.5143699274968662,-0.02898109011456126,0.06760302453304666,-0.3418355075513653,0.02381573010331196,-0.8217508192017362,-0.06172244057674939,-0.07764834179049483,0.4183763744136171
-0.452653740613029,0.221149604568661,0.5652905673387933,0.1928870720197503,-0.019524448370230523,-0.9810150394571318,0.004781811623969104,-0.01778772130133224,-1.332961119793295,-0.1340554434815792,0.010897758712969106,0.9682793363641695,-0.1786085437454452,0.1282050580971531,-0.7308709158768114,-0.050497129612637616,0.11556559898304473,0.7621778013839059,0.24725907563269478,0.4260361521070474,0.006018859176511071,0.20549587175540188,-0.07849805305618636,-0.5406394100613148,-0.026019310770239345,0.07266619336904864,-0.3313110748019829,0.0111912786474725,-0.8210897384525871,-0.06567310966233587,-0.07118973762703887,0.41054210668183194
-0.4580400840577602,0.22030031312939646,0.5688875533445088,0.19595661736402584,-0.02069413195803807,-0.9803928537745651,-0.0016153270614186876,-0.008019111991560461,-1.3008791554444175,-0.13585153199074868,0.016145818095315508,0.9293417601897082,-0.1810294150273164,0.12833529461647275,-0.7958092127244899,-0.06323821776589868,0.10846597519274452,0.873551136781143,0.2882001896484655,0.41490736312766324,-0.004641727665041355,0.2126935124997335,-0.08975203211090774,-0.5601323678563154,-0.014807574299433702,0.0755006286678929,-0.32799870354074817,0.0008073615810162034,-0.8230156948376265,-0.0732124149351626,-0.06314380028425959,0.3987582319198828
-0.46349986582332386,0.2183931001145091,0.5731407154841635,0.19736173815540564,-0.021303322679712924,-0.980045388889374,-0.010273678589282222,-0.0007015350240071527,-1.264060388263719,-0.13385301334639316,0.025988668371809166,0.8931466905331049,-0.18743575864960277,0.13409088732980629,-0.8959833916616462,-0.07866340229290544,0.09476830547068466,1.0508419139711032,0.2598803103560743,0.35125103461807,-0.004555278077107457,0.22064380121120833,-0.09806941215861534,-0.5840114426229227,-0.008040278377077778,0.07722553833375549,-0.32868167811157273,-0.002183358871460395,-0.8304300564430134,-0.06776720245976095,-0.04206011864034645,0.40159193038565794
-0.46899258727409493,0.21757110409074315,0.5774496600130221,0.19473357038264308,-0.019810015068387157,-0.9804582046844474,-0.019700475526436254,0.014697371590886625,-1.2212072862496621,-0.13172336352039293,0.02791081601916968,0.8685851212881134,-0.2052986358128873,0.12687533859993697,-0.9896406403387233,-0.07086140449445177,0.10236321809327564,1.2171311888289498,0.17757827122366376,0.30345188299949916,-0.0007555060457339847,0.23237188124017713,-0.10294932205820873,-0.5968369379597928,-0.012366297377597523,0.08628358489339578,-0.32183979242372257,-0.00288836907074067,-0.8385619319213988,-0.06424066555935012,-0.021904423736746968,0.40399317474171537
-0.4748327709698679,0.2166552456265132,0.5814015093401448,0.1926708792535048,-0.01829989891925662,-0.9806833661460922,-0.02834045432936453,0.02471738262821974,-1.1846162857031826,-0.12672997558951182,0.031005125143001987,0.8526644446941932,-0.2219612678185563,0.12213968373175987,-1.0789482348023787,-0.06170431561435719,0.10216710122856089,1.3366988465401464,0.1095262238566847,0.23960669245953753,-0.0009396696364537705,0.24745588414108852,-0.1117967550968235,-0.6017051079718252,-0.005433285571640949,0.09204719859453558,-0.3191686539186024,-0.005535329936648215,-0.8389505232461123,-0.06439549481323084,-0.02919327585951885,0.40398924443287604
-0.479987882626593,0.215092139865729,0.5851535043871976,0.19026106464424375,-0.01640957623157804,-0.9809194726869349,-0.03644778720201626,0.03434389833010398,-1.151295400233027,-0.1230016996645729,0.03396149842526566,0.8397739129529657,-0.23833851050564273,0.11878294206761948,-1.1528624350995471,-0.07641636781702231,0.07760684718435183,1.4023254215323824,0.027398271242447127,0.16320745405733889,5.896718589439151e-05,0.2691248813168407,-0.12676594213827155,-0.6065612874221112,0.028992863615869224,0.10024753967850786,-0.32025849099922193,0.003787572168889151,-0.831454819255578,-0.0922887119442468,-0.025543996951484238,0.4055018334008194
-0.48394301864191663,0.21389308319987693,0.5891800466234602,0.18913943703058103,-0.015135116899760836,-0.9808587245531412,-0.04374201714793219,0.033614482713661235,-1.118267298610263,-0.1110968929969299,0.041088381019319005,0.8155845834016514,-0.24427150864802022,0.10930668237582021,-1.2038256863953027,-0.0838652374761438,0.05790590993009753,1.3925236671622645,-0.03967325339733189,0.10794473566712659,-0.0021164906882591827,0.2757591091473671,-0.12365126660622282,-0.6021715320664752,0.038769584579229466,0.09997733844053777,-0.31528069071586723,-0.0007355235915157494,-0.8135311146869834,-0.09932597100313541,-0.026130114931835292,0.39036226803987434
-0.48671706769842815,0.21380281517870497,0.5930541730716803,0.1884665658829475,-0.013803553641498498,-0.9807513771217261,-0.04915843493228772,0.031462559903502,-1.0883094911537783,-0.09856408941101183,0.04371910322866953,0.7869678955804763,-0.23983820435229494,0.09616709540719351,-1.2227645880119333,-0.08225177908963362,0.03815639330258411,1.317558626662113,-0.10298673832141114,0.07772711776837313,-0.007455826373968022,0.278328230720497,-0.12323122480816373,-0.5951319730681227,0.03808945664040038,0.09750987319295375,-0.31088875328587745,-0.0020053361674537574,-0.7934561714381996,-0.08760208188575788,-0.029273653826128995,0.3792670986130804
-0.48853822604430736,0.21463704031507436,0.5968008606092976,0.1873662053380966,-0.012509872388633436,-0.9807822628904385,-0.05294866371810131,0.027295266882926928,-1.0590516048011958,-0.08431220924577223,0.04453822309870495,0.7575825534556264,-0.23520546251738347,0.07983094039359517,-1.2140819999866794,-0.05681791660221275,0.03963023030655236,1.187935409209503,-0.1538158030258037,0.07183856062096547,-0.010470180706651738,0.28250691054902927,-0.13046062842390455,-0.5878189750842553,0.0333254266562613,0.09819194909055105,-0.30485739511244525,-0.005219393362973876,-0.7658418198734305,-0.08548651502851778,-0.03740800390067294,0.37058199939073416
-0.49208652660198327,0.2176952546185252,0.6047388455175917,0.18834678420195564,-0.009662448354299752,-0.9806181227876231,-0.05310577400867018,0.017145381605456644,-0.9963792309990199,-0.06108353704845647,0.03611577466693394,0.6661332412845247,-0.20460249748734904,0.05955490970974925,-1.1518083418562637,-0.0028778263255241406,0.06883736513107103,0.9712225723718094,-0.15987304021304452,0.08796710307323652,-0.024373947533375885,0.2974198739011696,-0.14569688513102244,-0.577943785547869,0.042806467579023455,0.07982369964853711,-0.30149079823227865,-0.0017668398858488137,-0.7295752223899354,-0.10718595366718818,-0.024338817895653064,0.34187374939016707
-0.49457612116826255,0.21816005481627723,0.6065408427250321,0.18385254314987376,-0.009722681671499454,-0.9814302677860924,-0.053836245334870525,0.02086026714826629,-0.9727981243050375,-0.06281971740546105,0.035932145940291524,0.6632312492139651,-0.21540329660033794,0.057028166395028806,-1.0995698391004873,0.027839119985801884,0.1299412970797854,0.8250358222177498,-0.16363501133706018,0.13149384490143548,-0.023341221109115746,0.29774177588014944,-0.16235865594831078,-0.5672320219782393,0.03963362889983911,0.08340416210585624,-0.29863814735461547,-0.0015247194855716498,-0.7066280836521327,-0.10147566653864389,-0.03420026437392894,0.3403483523206137
-0.49647817334805894,0.2180663201654235,0.6067509283762189,0.17712475709111924,-0.009783823637488013,-0.9829000585647362,-0.04938190046849008,0.021838788977345182,-0.9626880956743137,-0.06974981394398413,0.03243040211010212,0.6919086188592478,-0.23959755928122012,0.05819154936095352,-1.0531426700162894,0.035082517908458975,0.15738200900985141,0.7460261434765236,-0.15611083794582967,0.1594961908658368,-0.021454572816834855,0.29715045414306374,-0.16985023933118196,-0.5635893563328416,0.026121818623260566,0.09653376010132554,-0.2895022455215535,-0.009143316853770003,-0.6873877865981881,-0.09992317232876638,-0.030622489890351132,0.3510853554122758
-0.4986019935965176,0.2185355676976304,0.6121375677117464,0.16596584096179184,-0.007868071145759443,-0.9852359923583038,-0.04127314444088136,0.013631111252341156,-0.9107132832168642,-0.06900670470606704,0.019228867659466825,0.6754154049446703,-0.2534645087290347,0.05884715264225565,-0.9738852737358322,0.03231334048321767,0.13732044253087466,0.6839415466497887,-0.15485005633801824,0.13482200670941238,-0.016558853375653874,0.30042842169726747,-0.17992242969468952,-0.5554197345722905,0.029686851970793522,0.1052726793686167,-0.2772421880290436,-0.013363707621771736,-0.6541055423395258,-0.10999799167035948,-0.043654823371353325,0.3478237869409434
-0.49935494637402894,0.21845379573050294,0.6136948346958262,0.15855309577775678,-0.006952966782164595,-0.986741719377826,-0.033961026361205626,0.009762416668505858,-0.8931611885878106,-0.07322656703376612,0.011234003102366557,0.6901834909414903,-0.2675703515726171,0.06092773733372588,-0.9357265001133357,0.021707756591825656,0.10884250872228378,0.6769741186387491,-0.18290857619728482,0.11136865041261473,-0.017170456309385067,0.297146041468132,-0.17000556184343085,-0.5480728697938143,0.030459130516058003,0.11283017595605954,-0.2648515361336436,-0.01924513453598284,-0.634794216858583,-0.10698950678776907,-0.027531210624682615,0.37625550175903555
-0.5012948059011151,0.21981221248948113,0.6177879559173489,0.14748742239023485,-0.006840399314535076,-0.9886514819063629,-0.027729343631859388,0.0058583456091309645,-0.8463678557236555,-0.07792632141392902,-0.0009086858230374986,0.6791219868743749,-0.27746566854781585,0.0687744416717315,-0.8796186676127872,0.015928407943775823,0.09392115143020252,0.6543150717408066,-0.1850220597224113,0.10139098671379461,-0.016314992220619755,0.2918871969203317,-0.14881610533339137,-0.5276043138486044,0.04710761100549522,0.11482728438120793,-0.2578374155326154,-0.019825484599189116,-0.6003799125905562,-0.11364637145225258,-0.03270645615163285,0.3671768821726908
-0.5026108792139774,0.22105860828465576,0.6188517292376834,0.14002679499985168,-0.008408773924232284,-0.9898708002658251,-0.021853786496961576,0.0023633386622816167,-0.8270204756535532,-0.08640003312283967,-0.009189445376504509,0.6912634804711044,-0.28915062204220093,0.07236062832033174,-0.8613800898659817,0.01044073019528082,0.09388938453522878,0.6701958844215584,-0.1917984666275356,0.1063853576522322,-0.014551816760238846,0.2757224551423699,-0.12242687687342856,-0.5082202797572495,0.048812197125401253,0.11385032987596852,-0.25351045117727034,-0.0246049540756807,-0.5704381169670464,-0.11264436552709911,-0.038990542315055075,0.37153997657089577
-0.5040115320034748,0.22196802096422835,0.6212229390307984,0.1320783920104898,-0.008697925484565034,-0.9910229414412133,-0.018792924024568163,-0.003017601566018106,-0.7925766967706137,-0.08587958695458157,-0.013371732586123137,0.6839669225088402,-0.2960789749377753,0.06768956583058144,-0.8270893275955171,0.010872276409126469,0.09146679863881864,0.6640244735441445,-0.20520836722794536,0.10504429787850475,-0.008521877028334736,0.26010931808902044,-0.10581495104143826,-0.4832617187197825,0.05731405881522124,0.10884205401564342,-0.25340301845127555,-0.025754235662751028,-0.5451823543625073,-0.10225149723529547,-0.05279371981719083,0.3473890723870195
-0.5055738953744376,0.22381408954987286,0.6265535150077193,0.12216667077566756,-0.008211456876160527,-0.9923230435178845,-0.01740269608314926,-0.0039330086304802895,-0.7248932887425249,-0.07863559704321228,-0.01728057208711334,0.6292046417082888,-0.28514885263570094,0.055877683188981064,-0.7623678816790357,0.012093323036811536,0.08337783179281115,0.6187457732940996,-0.20638271736127448,0.09792447528560153,0.0025600383810741607,0.25221134104868087,-0.12074025174501929,-0.45820690540825265,0.06361051825289861,0.0993686014780922,-0.2549796111591666,-0.019448953274164182,-0.5191596078927997,-0.10075325397000065,-0.06091638602662631,0.33333950155775616
-0.5060512251899845,0.22421652256664523,0.6283982757916078,0.11498742093629266,-0.006911590422922737,-0.9931961909550574,-0.017071883803787956,-0.0037947325917222965,-0.699562804708287,-0.07550351770067523,-0.021484550429398782,0.6272281701749358,-0.28693572963028363,0.05635423325160731,-0.7288603241253616,0.01508591956359969,0.0833572720460801,0.603888574541857,-0.211912896165579,0.10069519197531952,0.01581335445102983,0.24371861576616416,-0.14955944300585405,-0.4405092090105408,0.04566963262600813,0.09706417538975129,-0.25088002189132114,-0.026827647341102826,-0.5186524415011338,-0.10089908187358046,-0.062135882840595145,0.32500302875668974
-0.507270333271787,0.22550997369781264,0.6326734560431755,0.10645653960081236,-0.006118595620950849,-0.9941648409037025,-0.016304510871633322,-0.0027364341502706035,-0.6456986770760716,-0.07263579127394479,-0.029377389233655998,0.5836267626604336,-0.27015292182308787,0.0626082792704229,-0.6714404510289966,0.016224967987306688,0.08147078994826082,0.5572626782441823,-0.2054817183892221,0.10243085674781091,0.028627682391816338,0.2365017790579138,-0.18562776969865452,-0.4206021856064075,0.017264690281432897,0.09803438902024991,-0.24358943519459972,-0.04181821863944739,-0.5221426124207511,-0.10947317445047856,-0.060480693361910254,0.3075202372521709
-0.5083151289360793,0.22577983777255226,0.6332685643890894,0.10324186929989532,-0.005048304625752698,-0.9945010087918639,-0.016833732676781333,-0.0015767977865613885,-0.6357843439128786,-0.06889486011115215,-0.028905440714769803,0.5906935910576787,-0.27687460092392874,0.06000478486657772,-0.6532871211472853,0.018889226753477692,0.0802472732723257,0.5495358100445978,-0.20956910108058185,0.10535797040625611,0.0291258923003889,0.230795426167076,-0.2015502325708896,-0.40464453022664787,0.0029135713220804563,0.09041730020628509,-0.24168385530867928,-0.05135336867643982,-0.5274118703003575,-0.11129767649047896,-0.07333067011311091,0.2816005224243621
-0.5088479090992684,0.22633924647319198,0.6345577523656099,0.09783585809207075,-0.0038049638091274007,-0.995082812831695,-0.014962042934055774,-0.004213184824736614,-0.6148638663209102,-0.06422302597559683,-0.032431884013767155,0.5872418716677343,-0.2799389781848349,0.056266262746404984,-0.6249057769931493,0.02221840347738501,0.0768711915114789,0.5343811544976713,-0.2139731521576465,0.10437192147543828,0.02832171125740085,0.22540675740800303,-0.20523959263804828,-0.3911629526208481,0.0014232742889483166,0.08354527008370305,-0.24255263325629556,-0.05262575019063447,-0.5302072017991981,-0.11011183587552015,-0.07814262468188933,0.26416660074668336
-0.5095710665516501,0.22687178701928326,0.6357860126739334,0.09379128876699908,-0.0030377967400555435,-0.9955056722392597,-0.012744507909306074,-0.008505862027472496,-0.5956122247497571,-0.0603012689779697,-0.034585586037288875,0.5800257898945667,-0.28316545893491096,0.053877394136088566,-0.5994792920106282,0.0248373788351206,0.07527132903205189,0.5162854838991159,-0.21472639966944315,0.10418960515371718,0.02310348838148929,0.21964737206496568,-0.19942066380538695,-0.38452963424024406,0.006586505982959112,0.07629723414268377,-0.24432156755224543,-0.04853946261352066,-0.5366542793273404,-0.10988839337492542,-0.08768279379853972,0.25015628893219494
-0.5103184809775687,0.2270667564125757,0.636828608121524,0.09039596150033942,-0.0013659098559917,-0.9958542444949304,-0.010051276343072924,-0.008264256261693756,-0.5798490449329822,-0.057225326677089,-0.04242369102252242,0.5728221288170126,-0.2828431548982264,0.049404547288464044,-0.5749739127634165,0.026393431954513262,0.06906295096327558,0.49750822628719427,-0.21420466046349468,0.1069131290253395,0.01583843265074398,0.21812420333816138,-0.1955763992687235,-0.38154286218375427,0.009209848199232436,0.06708132495862491,-0.24259394087110317,-0.0462176860653589,-0.5352374885887573,-0.10859281953783478,-0.08168778486667508,0.22141437886009618
-0.5111400589316255,0.22739657559755233,0.6376024995550238,0.08901751146357434,-0.0007911774834050878,-0.9960048813573066,-0.007037968701178851,-0.011605439952124047,-0.5692809867281197,-0.055053250092474304,-0.045254355271476296,0.564821060763867,-0.2810506915552003,0.04683807162664226,-0.5577313050523856,0.026596681083407875,0.06527417001227372,0.4790042328661373,-0.2110731761440588,0.11033804331435675,0.00446051175353864,0.21494775079623696,-0.18840158946586788,-0.38827695788633443,0.011588712802438188,0.059715322143233523,-0.24296646418909607,-0.03891755687856359,-0.5443867804425796,-0.10975774140533995,-0.08767504723822002,0.19940179565008156
-0.5114061798846821,0.22744197804903746,0.6384924330148773,0.08595850257096492,0.0005835388958474897,-0.9962895911476705,-0.004224439480103122,-0.013322640862798885,-0.5557584094855205,-0.052138576299206714,-0.05109201082644959,0.5580119652174875,-0.2794598571594896,0.043424168658758755,-0.5357862504227466,0.028251861216216458,0.0603722281256203,0.4603867266431613,-0.20874001801284492,0.11158626285394765,-0.004163780923621126,0.2168383479282746,-0.19262320501905003,-0.3985532860807629,0.016814207693374158,0.05268921840248339,-0.24381442926720692,-0.025071739598830953,-0.5495075982861604,-0.10863018498183707,-0.08189635028571089,0.18978149409326925
-0.5117695906872026,0.22747745818113668,0.639355587132411,0.08350615551565664,0.001887675930861029,-0.9965033803469543,-0.0020424562828186142,-0.013619073286167564,-0.5434263669314336,-0.049434691422014065,-0.056029456226149715,0.5504033197558672,-0.2789087213602479,0.04142584306036617,-0.5146807185586361,0.029574138950840753,0.05528752263707571,0.4401474231522554,-0.20461623540930698,0.11285747608416667,-0.011185083165251904,0.22097347343906118,-0.19802224475570032,-0.4153421523173215,0.01193786692505263,0.04628353443721238,-0.24294562262856906,-0.012930737719031617,-0.5542075171713273,-0.1048837813351283,-0.08269591306180896,0.17904912934861292
-0.5120395399857763,0.22770965876104013,0.6401173931560469,0.08164783967986775,0.002177956010176068,-0.9966587196271288,-0.0005323292584335122,-0.013309535177060327,-0.5313166251994678,-0.04895481695564585,-0.05901424037396993,0.5396598315736628,-0.2764455852540419,0.03997873340015372,-0.4988703788817912,0.028859482177527082,0.05195985538752844,0.4245561275815875,-0.20206305403308528,0.114015075379496,-0.017117901694632065,0.22206979553672765,-0.20164225091342666,-0.4338125973372755,0.012472897880661485,0.04442427535230151,-0.24433237702941277,-0.002051337343791184,-0.5689046566887171,-0.10268030611915979,-0.09814430204433879,0.1589781182637102
-0.512205727745585,0.22740312368431287,0.6426786168380971,0.074929131058762,0.003756652653285758,-0.9971815592358044,0.0006714161676200068,-0.013440922501304766,-0.48476118496827864,-0.044571408662126596,-0.06435479414848026,0.49420450445876646,-0.2679574549606106,0.04224764583209418,-0.4536286163696507,0.0307115248562466,0.0482706880986441,0.3841380075321361,-0.19726778899790887,0.11024387708831167,-0.009384330755754143,0.23162226196945188,-0.21659050592541207,-0.4585110632136343,0.03311947755534332,0.055035393074303864,-0.24454184782906105,0.018440760987171286,-0.5806869087047136,-0.11574247841260558,-0.06753528650693455,0.1955159070224494
-0.51226641601829,0.22699302587419107,0.6423930715367066,0.0743638508898525,0.004822775104477564,-0.9972141600771443,0.003267638712918814,-0.014142330876793875,-0.48837734258688764,-0.043673174346065845,-0.0684112698391267,0.5033166841061268,-0.2724499462809284,0.038819398581886114,-0.4491612248930682,0.031042179258686863,0.04398755980027535,0.38135487862008277,-0.19737609665396416,0.1147205815683232,-0.019064023616229595,0.23414631396314597,-0.2129233355454518,-0.47421823994580836,0.02940180014090095,0.047667019836084866,-0.2417103925444607,0.01737823044158427,-0.5758835433845729,-0.10965206820174167,-0.06084691743815791,0.17823615454732067
-0.5127135963588801,0.227039057831945,0.6426537037757065,0.07355337369683795,0.005324060563818428,-0.9972669327457032,0.004496715345931014,-0.0136856751279862,-0.4820317145106016,-0.04222760635001488,-0.07109278171740765,0.49757971789449973,-0.2710538368827606,0.03400604512264923,-0.4412677435069156,0.03110067828729167,0.04076784190418159,0.3740954120393401,-0.19671333251732182,0.11630498491420013,-0.02522761691519769,0.2368959470865731,-0.20726304394775819,-0.4908951143566721,0.026959307420966083,0.04732883084677504,-0.24078938641878656,0.021401962975331625,-0.5833992806331912,-0.10570514215088772,-0.06605862174026832,0.15360960971525364
-0.5132244520899604,0.22690198962423813,0.6430126225315331,0.07333793192343552,0.005538722835072934,-0.9972716253543057,0.006338418866744496,-0.015554791464483986,-0.4758656313984511,-0.04200562808209699,-0.07354280190821702,0.4892244871984575,-0.2684632515680293,0.03309239040988959,-0.4357219570238022,0.03089716247535942,0.03819982592879871,0.36874362166563635,-0.19586929323989044,0.11566588404451748,-0.03401663589557582,0.2383195420060133,-0.20650259098454654,-0.49793765674382723,0.02686705705685854,0.044053957856510687,-0.240627453582815,0.02561230647023068,-0.5781874885407636,-0.10450279969554273,-0.06410444843818375,0.13846813150619458
-0.513373307796934,0.22685112704249427,0.6433900462722824,0.07191702262927403,0.005545492574374629,-0.9973673728418992,0.007450701892765587,-0.01609231264648237,-0.4649660714515386,-0.041319499287633524,-0.07436928269524919,0.4777278770463577,-0.26478296137720325,0.028991407852831542,-0.4278130379822046,0.030404498911016306,0.036843432976932516,0.36461356719395355,-0.19703322224044106,0.11577234639335339,-0.04015289917126554,0.23794302604899362,-0.20333713672981898,-0.5000355136602963,0.025560166322681908,0.042293012598409035,-0.24116192862429497,0.031243767136758985,-0.5724183139560216,-0.10496353004765067,-0.07213109138875738,0.12060577073001079
-0.5138026098267872,0.22667207257220767,0.6437515884854603,0.07201633475507996,0.005446177911576061,-0.9973486887504339,0.008920746739418735,-0.016317186686211613,-0.4573833620262683,-0.041707382407553006,-0.07596003610693942,0.46431140300858936,-0.2622842740469328,0.02605902369264588,-0.4242880338326982,0.02889583597987233,0.03515020208012774,0.36022083631665225,-0.19684749640473995,0.11536839284107385,-0.04527712297526041,0.23763178139156835,-0.2023122108590184,-0.5044448412551467,0.02842800448141933,0.04033750934156126,-0.24223756147003614,0.0339148673829392,-0.5659677550356061,-0.10582498252181724,-0.0695870786916996,0.10504186491350039
-0.5149812826086088,0.22707916074785275,0.6455315405745894,0.07095717204141999,0.004970857904200855,-0.9974130623454752,0.010370794096937048,-0.014670242190699283,-0.4207171798901648,-0.041009139536244375,-0.08226151953851808,0.4042784148226621,-0.2374039364166023,0.024127983045650565,-0.4051583414592002,0.026672812537441165,0.03109187733553981,0.3382667097895818,-0.18993521119893803,0.11397786246390305,-0.04610420124735648,0.23995393891569144,-0.2138079089699406,-0.5034637378605852,0.034471060929254525,0.03858809054177023,-0.24396874779228847,0.04449334072589606,-0.5535178536605796,-0.11250595402398222,-0.012153215306862912,0.10878479272411487
-0.5149305378503147,0.22609807255759504,0.6448893365275514,0.07151563997468881,0.00566774449988331,-0.997364553682943,0.010832218984045426,-0.014342656546887558,-0.431789227524518,-0.0417709630582073,-0.08250624685810486,0.42179961166558394,-0.24658326557697877,0.02085904495992608,-0.4108286839472955,0.02626307921358472,0.03019932752577633,0.3459666299397051,-0.1946674798021021,0.11451266440727982,-0.04858972147610641,0.23829509524050407,-0.21010413651515555,-0.4998317744227206,0.029085935282965075,0.03995309854899034,-0.24169422665765883,0.038864266479231406,-0.5502450695903689,-0.1090687538301724,-0.012245624216141188,0.09665227675309761
-0.5156968750366179,0.22582802900096816,0.6446514261046259,0.07218568224580493,0.006252987774949707,-0.9973144918685981,0.010673880806594992,-0.01276261539645378,-0.4347209146650049,-0.040622791659300106,-0.08320886369577042,0.42680639010250637,-0.2515586363408082,0.016462703062168727,-0.4114891939004114,0.027128852646379147,0.0294596431935505,0.34714078211342786,-0.19573341865635124,0.11430044493137516,-0.04754103976321932,0.2370297402652222,-0.20634109504576434,-0.4947849660048954,0.027280702155525662,0.039939342497968336,-0.2400319519885001,0.03382441307642762,-0.5427443600234411,-0.10596982583748776,-0.03342067726424161,0.07575650054333515
-0.5164490584662206,0.22533777647138908,0.6445866317941937,0.0729820856446074,0.007140046405449792,-0.9972393356506299,0.011676572415781648,-0.012715801959170396,-0.43755608880922264,-0.039796909142028415,-0.08669662032793043,0.4301591937924052,-0.25513192031456317,0.014997541933565211,-0.4120083350438186,0.02825147235089133,0.027527863794115846,0.3473118994318374,-0.1976746637046369,0.11291502284440307,-0.04584487936166625,0.23685477998192794,-0.20273453607552355,-0.4878089233981878,0.023792464823248906,0.04036549742211815,-0.23710193774695032,0.02863995452450778,-0.5311135913483119,-0.10568673227286834,-0.031235825197811994,0.06815327976031779
-0.5175807172781648,0.22483473796639616,0.6444313818918836,0.07498581058287761,0.0075359328704024085,-0.9970658156463311,0.013420029676482566,-0.013575483993791179,-0.44374384536620615,-0.040703560955795894,-0.08951228954908381,0.43386439378039493,-0.2565779044891258,0.015148359293590222,-0.41537844518158157,0.027689110544556104,0.02412247737850161,0.3484000011971083,-0.19830764575398072,0.11247213505544042,-0.045124861453242945,0.23566917199712137,-0.20453272697053287,-0.4798779503925512,0.026904582754576856,0.04012652766385395,-0.235663027588123,0.02760026628044257,-0.5174749717378871,-0.10733438879514759,-0.009648412411760544,0.061240809072132404
-0.5179543703195801,0.22427860667131713,0.6445811804558275,0.07434054157632916,0.0075141181602369385,-0.997120270443361,0.012968738464868805,-0.013548445767223107,-0.4392150062353601,-0.04208145112582434,-0.08968604892293845,0.4314602960351086,-0.25789858187820447,0.017132530814099132,-0.41350312187562105,0.026760042999668752,0.02440710858970834,0.3505639032051008,-0.20176776256693665,0.10988696456571365,-0.037431746239979705,0.23337548808064357,-0.20418938299202233,-0.4646641736290372,0.03497036297389353,0.04487173406910201,-0.23592334861903172,0.02916828918373029,-0.5105577102111645,-0.1095201033024631,-0.0022578900174088884,0.0472971726989279
-0.5186121006186649,0.22334113192311425,0.6444382816824923,0.07606620650180983,0.0071236087937779306,-0.9970025311481542,0.012212260656844984,-0.017541235712069357,-0.44197442291555206,-0.043750613175238026,-0.08481711193728922,0.43172502225576903,-0.2602089441863429,0.020908091449765884,-0.4206610858027602,0.025205343028785215,0.028044149460511796,0.35443483834579187,-0.20168383916342916,0.10922849389350801,-0.03217217608720114,0.23000400858330533,-0.20174574206220708,-0.4515094269227893,0.039349920687592695,0.04425511427606752,-0.23512416109361406,0.0302932264956293,-0.5040118818537486,-0.11146929394126208,0.010706652104068255,0.041986728467302885
-0.5193365290836629,0.2227565630691734,0.6444963080788262,0.07559803791705169,0.00781080753596061,-0.9970246894293191,0.012872319802490177,-0.01816072444616617,-0.43863776439387103,-0.043209343027118416,-0.08607953847533377,0.4317407517088262,-0.2627684924512174,0.02129739434554735,-0.41670719612724044,0.025795019689927375,0.02734723138830933,0.353632653789806,-0.2032485048025572,0.11021432956072327,-0.02540038557007418,0.22915548747202905,-0.19889166672685774,-0.4342552281634735,0.039032949785397876,0.048625187718680796,-0.23334885454546997,0.0283497055808028,-0.4957543397588251,-0.11128469663524759,0.03769090055993819,0.05235128464681469
-0.5200707531230059,0.2224129494221113,0.6445866734506875,0.07622750866731652,0.008363062402574329,-0.9969887254277578,0.01152855062699985,-0.016239439481350086,-0.43781387516929743,-0.04184253959842235,-0.08459845487718452,0.43017261074666324,-0.2638578265210839,0.020845368112185923,-0.4153818964165227,0.026889769914145423,0.0278126814097772,0.35048245507142023,-0.20234360613958352,0.10902401181889139,-0.018176393666878166,0.22635611121458768,-0.1921280848747431,-0.41802736345204883,0.041920229083330825,0.04964483716211901,-0.22999062913862808,0.02628413086819089,-0.48753751031502535,-0.11207827415486668,0.02317329477852062,0.038893116365494314
-0.5210915713202576,0.2221012108522572,0.6445399052260925,0.07806678913254222,0.008377339127639811,-0.996846164796795,0.011537779404903453,-0.01833079216492716,-0.43978144911481226,-0.04165451694859379,-0.0832338996791539,0.42863263156013354,-0.26441565539436596,0.021088436378443844,-0.41856640331078904,0.026962111751527663,0.029717500361046836,0.3491767767517161,-0.2012438678952648,0.11020620126671997,-0.01318737389506517,0.22346466330075646,-0.1867055491818289,-0.40108089470448594,0.0399825462187772,0.04871174983577227,-0.2283689375125713,0.025585549712855163,-0.4812171638010505,-0.11357128427748958,0.03667431300965247,0.03864457260920481
-0.5213686126208086,0.22186059858441615,0.6446775491431527,0.077367918483641,0.008874524499618678,-0.9968989354021192,0.011311967049784663,-0.018488217295245087,-0.4361089506819715,-0.04034961094504613,-0.08268711380731192,0.4277247745353803,-0.2658761527627688,0.020811809088868167,-0.41461765132261785,0.02824352506542656,0.030380523073158305,0.34692903327354174,-0.20122267777649616,0.109130141855032,-0.006468100064162035,0.22121234592616992,-0.18130650767361864,-0.38209461599128375,0.0399748067369244,0.051755282373003676,-0.22558949887276764,0.02343603888108269,-0.4758593775011098,-0.11437805291042039,0.030924885380897965,0.04481935735136588
-0.521828481585133,0.22175362418847572,0.6447782691194852,0.07728389399314764,0.009048744387989435,-0.9969058722120592,0.011135614189159452,-0.01813211616234974,-0.4340941024409454,-0.040056233467932495,-0.08332678416740182,0.42657760992915633,-0.26692831726323746,0.020240292175026375,-0.4118333365986221,0.028508204396206053,0.030221283010809504,0.34445430488201245,-0.20169207278339232,0.10896348082678654,0.0006267335253566306,0.21904264275109167,-0.1758454291163967,-0.3688967719204053,0.03697106699415788,0.05357241972615329,-0.22296886435249874,0.01942075880455706,-0.46834606394136435,-0.11511338089304705,0.017622520391146042,0.03810322435997462
-0.5221332069456137,0.22148726456594559,0.6447557306140819,0.07770087452061682,0.009106920574536707,-0.9968808054027508,0.010406628461839573,-0.018200819818774378,-0.4348317367278217,-0.040013706032591675,-0.0812710983285806,0.42775898670744544,-0.2678628659390935,0.02097785021406832,-0.4129623261188582,0.028575833255343405,0.03164997323233335,0.3448423955464775,-0.20185625230804738,0.1082337371567062,0.0037052624535377065,0.2166365310661543,-0.17285168776212292,-0.35233469847044696,0.040258225705368036,0.05236251141738479,-0.22180984609685567,0.02039875510898385,-0.46154092328099433,-0.11535213283748318,-0.007453392002514382,0.020988226979827995
-0.522753547798609,0.22100436121307895,0.6446125974839632,0.07879705492781337,0.00981928470946081,-0.9967810941701032,0.011047899689503649,-0.018805846201814167,-0.43781884102442353,-0.03908588720869997,-0.08209670662195573,0.42936702681442607,-0.2696554722066497,0.02034647280965654,-0.41485585428065797,0.02949369656668801,0.03049734399524834,0.3451249417661593,-0.202734754513861,0.10855102474216033,0.004862594598604613,0.2167060480609936,-0.17178836311209095,-0.3437187631549898,0.038502945879590314,0.05044092083073092,-0.22104390581431466,0.02011324498229914,-0.4592080612056206,-0.11316492768159557,-0.0029214524007728647,0.01641173789793741
-0.5225649589903837,0.22114322663238384,0.6446624747943484,0.0779139374582136,0.009762394295051125,-0.9968404791739113,0.011965495715269406,-0.020874648787951203,-0.4354051938894119,-0.038669140077183785,-0.08212398398932402,0.42944608577735893,-0.2708684457668469,0.020306908777190723,-0.4118097236715851,0.029865655820394764,0.03078566748297462,0.3438667692235531,-0.20210642942020926,0.10907834277536005,0.004869915295271393,0.21536761870782464,-0.16700903867019878,-0.3370790859937187,0.03774233610302001,0.05131230980033704,-0.2222979825468668,0.020111207733646618,-0.46090931672082225,-0.1154017060912569,-0.0034658279905429275,0.02289433053909177
